ts,ema_atr,donchian,rsi_bb,vol_momentum,vol_breakout,xsec_mom,BUY_AND_HOLD
2021-01-03 00:00:00+00:00,1.0422099331919261,1.0278286795050484,1.0044607393370344,1.045567479876247,1.0443950904621213,1.1213316477089,1.1002373676152915
2021-01-10 00:00:00+00:00,1.120455375150202,1.0574905615182364,1.0088633400139382,1.1479602604270172,1.0579985666746217,1.2696108951757292,1.3795351227547183
2021-01-17 00:00:00+00:00,1.155634529515193,1.0636223115937609,1.008853871449036,1.2128168230755907,1.0754439989251439,1.3438012159457038,1.6513991636504297
2021-01-24 00:00:00+00:00,1.200018703325778,1.0771477243947583,1.008853871449036,1.277138563333077,1.0516393879125066,1.4506413151852633,1.8818787363218004
2021-01-31 00:00:00+00:00,1.2681311881965978,1.0993637876746456,1.008853871449036,1.3700591756966414,1.0828408653086514,1.6560576610576443,2.266969607269769
2021-02-07 00:00:00+00:00,1.415200478578201,1.1745722475930693,1.008853871449036,1.5935304031925124,1.1517726942129702,2.3055035229160734,3.0068296790674527
2021-02-14 00:00:00+00:00,1.6753945505136105,1.3332852362205743,1.008853871449036,1.971087230157252,1.3028053188402904,2.9763347848344686,4.267177162228429
2021-02-21 00:00:00+00:00,1.8139493947913574,1.4176402981331997,1.008853871449036,2.1624213640392544,1.3086325127826737,3.5485447489946673,4.840749697764775
2021-02-28 00:00:00+00:00,1.6427430691954354,1.355331032715761,1.008853871449036,1.9272907276075628,1.2790952401877316,3.0551350654514366,3.9647173744163684
2021-03-07 00:00:00+00:00,1.7595389978227078,1.3690036630592026,1.008853871449036,2.1363535664796927,1.2953889857333636,3.413646393151874,5.006583191036397
2021-03-14 00:00:00+00:00,1.9506756240215106,1.4340241364949422,1.008853871449036,2.549146821980357,1.389855176298602,4.735865244253337,7.037757403373795
2021-03-21 00:00:00+00:00,1.9696755287939922,1.446026642259634,1.008853871449036,2.577665067021834,1.4056979553297724,5.046835118556069,7.118291235434311
2021-03-28 00:00:00+00:00,1.9784582548924872,1.4400432828494965,1.0148819108701583,2.644547319886564,1.4063908069435518,5.357137351063805,7.340318317151521
2021-04-04 00:00:00+00:00,2.0870472884979483,1.4601783818277325,1.0169808009897965,2.8360720971029894,1.4347164173712026,5.531744336639277,8.256019749734131
2021-04-11 00:00:00+00:00,2.2244412362070003,1.5059886122015251,1.0169808009897965,3.0492277516131545,1.4487419767459546,5.994693174372764,9.468308272300778
2021-04-18 00:00:00+00:00,2.3066213615815885,1.5606405154510512,1.0169808009897965,3.2396374965028865,1.5143227962097323,7.993108049819761,10.68031724206415
2021-04-25 00:00:00+00:00,2.1754464080346234,1.5613292172694575,1.0175165753789528,2.955006766891196,1.5171575415356464,7.590938705552074,9.02700028638728
2021-05-02 00:00:00+00:00,2.3573857011550547,1.5675110160320247,1.0402440561974524,3.259990261720649,1.5222145630733033,9.871096199221366,11.779713723297004
2021-05-09 00:00:00+00:00,2.5117149890916437,1.5928574483358457,1.0402440561974524,3.511569532336051,1.5363536517251775,11.373463570013932,13.69087319608455
2021-05-16 00:00:00+00:00,2.4035890570020797,1.5663895327491437,1.0394798756438903,3.3433753400757413,1.5133244175968097,10.166432158348668,12.238237525903642
2021-05-23 00:00:00+00:00,2.088475178124835,1.513679601844261,0.9814352471678334,2.774305500743916,1.477553094066206,4.939819868385868,6.222573954085289
2021-05-30 00:00:00+00:00,2.111766577253164,1.513679601844261,1.0617950362730815,2.808092255969519,1.477553094066206,6.0717171366699025,7.299232459206373
2021-06-06 00:00:00+00:00,2.118137589408546,1.513679601844261,1.1012051960607856,2.827523189240948,1.477553094066206,6.825177399482421,8.068176546039078
2021-06-13 00:00:00+00:00,2.112531723594919,1.513679601844261,1.098810880901034,2.807662192881655,1.477553094066206,6.331529889377527,7.13203689648439
2021-06-20 00:00:00+00:00,2.1087114985004,1.513638171456291,1.0945142449392,2.7981250513428533,1.477553094066206,6.037895585349672,6.657013534361131
2021-06-27 00:00:00+00:00,2.101173706100509,1.5131706368843623,1.1269629873352118,2.782594417631943,1.477553094066206,5.570511421714119,5.522938033546908
2021-07-04 00:00:00+00:00,2.10449975183145,1.5171398290858547,1.1747542455799003,2.804976592890917,1.477553094066206,6.2446760731658735,6.389203424634851
2021-07-11 00:00:00+00:00,2.118118081548766,1.5247372147288407,1.1726748518109045,2.825224213160397,1.4784414658341969,6.934818648975313,6.718148643761303
2021-07-18 00:00:00+00:00,2.1170293653953136,1.5230184581579944,1.1704063615162978,2.8095753644484054,1.4781431815621653,6.496067278878399,5.796296410123443
2021-07-25 00:00:00+00:00,2.1421774797902944,1.5223787008499434,1.2009954481435272,2.8929653540900087,1.4783021900368059,7.924552655913051,6.978473961260344
2021-08-01 00:00:00+00:00,2.1385189851190494,1.5221165963140304,1.2086693667302693,2.9081659850594823,1.477773660413557,8.373220698559672,7.5047688534655945
2021-08-08 00:00:00+00:00,2.1600796421685855,1.526569889758459,1.2086693667302693,2.9386326735604693,1.4795847821457333,9.387606922565297,8.333851686564525
2021-08-15 00:00:00+00:00,2.3892422774062267,1.6632431985960503,1.2086693667302693,3.135475135177272,1.528214864093819,11.224023815069783,10.555650381534475
2021-08-22 00:00:00+00:00,2.5281080966051492,1.7433268089375855,1.2086693667302693,3.2234072951807575,1.5333875392965108,11.924587851785496,11.924432170880433
2021-08-29 00:00:00+00:00,2.524436378571073,1.7354250259009567,1.2086693667302693,3.2340025458289583,1.4939487414846373,12.252262575338298,12.057456632050277
2021-09-05 00:00:00+00:00,2.8116904211592013,1.9075613795529198,1.2086693667302693,3.476916754961785,1.527109953366525,13.978795623390322,14.231128115059523
2021-09-12 00:00:00+00:00,2.640192759504527,1.7399470217498159,1.2089668638814937,3.3958065172378262,1.460374573135127,14.604485664126125,13.911543431443103
2021-09-19 00:00:00+00:00,2.5741556268130674,1.702759207878924,1.2085926974466377,3.311040418574403,1.4465226703969167,13.552887017895372,13.83981910992184
2021-09-26 00:00:00+00:00,2.4586767141020496,1.6684016278970102,1.2192518202683895,3.169075570261121,1.43096347963084,12.37180417825031,12.308726122051674
2021-10-03 00:00:00+00:00,2.529261669019772,1.6753624027845586,1.2268484879321715,3.2499334832423887,1.4422373936767026,15.700721521312756,14.422705327829517
2021-10-10 00:00:00+00:00,2.47773581391026,1.6614965393908254,1.2271214645482618,3.1857226845227267,1.426531554182189,14.290107248350656,13.658017320717903
2021-10-17 00:00:00+00:00,2.506908383557168,1.6666259882033159,1.2271214645482618,3.208372932694486,1.4262727694033477,14.787089740350316,14.197071028538543
2021-10-24 00:00:00+00:00,2.556203479298667,1.6710953816053344,1.2271214645482618,3.268794000785639,1.4238675531161127,16.087602365339794,15.11580399516555
2021-10-31 00:00:00+00:00,2.7220220315424095,1.7472033461938714,1.2282026984645782,3.436666754639254,1.4670695388062316,17.962188781040823,16.912385189541794
2021-11-07 00:00:00+00:00,2.8040789590095794,1.76773893668872,1.231080799763387,3.546529371421796,1.462455369577943,20.792883730525237,18.385183618498992
2021-11-14 00:00:00+00:00,2.7719023441264246,1.7552493158814277,1.2308504376159037,3.530860801272626,1.4465516069369637,20.207317802248,18.220310637924147
2021-11-21 00:00:00+00:00,2.6978474606806047,1.712332192414704,1.23649982516629,3.443422588659798,1.449301402506344,20.540007001264645,18.061777692746276
2021-11-28 00:00:00+00:00,2.6956486605281875,1.7111201448546067,1.2333698692682196,3.4805204167938975,1.4496220637703057,22.266006165814,19.610875187005167
2021-12-05 00:00:00+00:00,2.591826518380563,1.697030899704388,1.2204806850565324,3.2770919726771983,1.4466444683905197,18.72617623546013,15.337810726800605
2021-12-12 00:00:00+00:00,2.579562007762251,1.6951397487945,1.2230411709975983,3.266690123736409,1.4452085014705682,18.59032269713413,15.252690000931546
2021-12-19 00:00:00+00:00,2.5742943016019733,1.6932353002621965,1.2029767758929657,3.2582442911174736,1.444853968513592,19.036149823986733,14.38482734742365
2021-12-26 00:00:00+00:00,2.607681605029525,1.6960860302318326,1.2104995415057058,3.3139172720018575,1.44563136325547,24.375097340528516,17.22677362971573
2022-01-02 00:00:00+00:00,2.5811402302489017,1.689409858828157,1.2100977084670117,3.268288481907829,1.4446904655327535,21.802552077320485,16.47205195218916
2022-01-09 00:00:00+00:00,2.529899848747174,1.6519709950638752,1.1953101363620497,3.2153689133641903,1.4389945719091357,19.66205363596506,14.191466669287665
2022-01-16 00:00:00+00:00,2.561668114851341,1.656511927476895,1.216708529428199,3.232905446477999,1.4400217255193608,23.371137239500452,15.364020277692518
2022-01-23 00:00:00+00:00,2.4927470974783623,1.6013109417198625,1.1181813614758975,3.1091674732379,1.4333071366052519,18.656753294448183,10.875606926081721
2022-01-30 00:00:00+00:00,2.4819148534270465,1.6013109417198625,1.1228020507064012,3.1044165999083293,1.4333071366052519,18.01954921152713,10.820089663410673
2022-02-06 00:00:00+00:00,2.4825424288508118,1.6013787649332172,1.191406126154758,3.106542614854825,1.4333071366052519,18.238421468928383,12.654541414448417
2022-02-13 00:00:00+00:00,2.469491895368121,1.5905125252277235,1.1932619573371905,3.0709651855426756,1.4333071366052519,17.772115695985757,11.61168187565241
2022-02-20 00:00:00+00:00,2.449776247236502,1.5861269163599423,1.1932619573371905,3.0451358002198607,1.4333071366052519,17.074096619825674,10.58269814933313
2022-02-27 00:00:00+00:00,2.4398321933683764,1.5808429187389086,1.1913798736997954,3.0330569363449533,1.4333071366052519,16.868289669756752,10.166035198016184
2022-03-06 00:00:00+00:00,2.4349508093149677,1.5813020316757718,1.2135136302136527,3.038633741355713,1.431987437826604,16.38300942963012,10.21297536119782
2022-03-13 00:00:00+00:00,2.4505293349795876,1.5992168608371282,1.213894284935211,3.058026031294557,1.438806358004086,18.10579957012196,10.176241987296713
2022-03-20 00:00:00+00:00,2.46735953097573,1.6215007494870264,1.2155328220693697,3.0764615552089944,1.4451560539308685,19.11617803273412,11.660434824457088
2022-03-27 00:00:00+00:00,2.523599189420769,1.6671432871788976,1.2155328220693697,3.233450879253364,1.45205615429398,19.832880950479066,13.809378856711998
2022-04-03 00:00:00+00:00,2.637955492749668,1.7617786613112043,1.2155328220693697,3.3785434854162313,1.476188467123213,21.441546785472948,15.162038187630316
2022-04-10 00:00:00+00:00,2.366457383693073,1.6000911502670243,1.2155328220693697,3.0139218867980517,1.4514862076408312,18.203827166251656,12.49188423150935
2022-04-17 00:00:00+00:00,2.3127230614196725,1.5811976836563948,1.2221356561258834,2.9273242057382762,1.450708722334312,17.49663839425377,11.594797469175893
2022-04-24 00:00:00+00:00,2.3058349498766444,1.5786619918347904,1.218039289419372,2.927484369202267,1.450708722334312,17.322555714447684,11.589883896860643
2022-05-01 00:00:00+00:00,2.280856072825611,1.5679833253767594,1.1874951255986625,2.9119489072689864,1.450708722334312,17.009414721626978,9.941858138188849
2022-05-08 00:00:00+00:00,2.2842244053020684,1.56414984559997,1.1312115934843565,2.9074618312351235,1.4489112480579773,16.955867111392692,9.229430471251932
2022-05-15 00:00:00+00:00,2.270458923270079,1.5574073395217882,0.9846468624663685,2.8956067207874767,1.4489112480579773,16.563904964023905,6.937567482683293
2022-05-22 00:00:00+00:00,2.272264759628011,1.5574073395217882,0.9173790751286497,2.8968059714673347,1.4489112480579773,16.65169818767618,6.484065846152482
2022-05-29 00:00:00+00:00,2.2730185208080758,1.5574073395217882,0.8889771573292242,2.897306595094272,1.4489112480579773,16.688335747430454,5.937679720915636
2022-06-05 00:00:00+00:00,2.2733626163318195,1.5563127730641313,0.9132232673976387,2.8975895591771956,1.4489112480579773,16.702955896065856,5.999127218155932
2022-06-12 00:00:00+00:00,2.271719314936904,1.5517955287868188,0.8572434298853295,2.85899413033408,1.4489112480579773,15.786773325421787,4.671856961659964
2022-06-19 00:00:00+00:00,2.2643073354620267,1.552401197452746,0.808720267561566,2.855424865318733,1.4489112480579773,15.306461743194143,4.391885264655641
2022-06-26 00:00:00+00:00,2.2643073354620267,1.5528677478483905,0.8828787046589571,2.8468795667645663,1.4489112480579773,15.204934083903412,4.8659370250168825
2022-07-03 00:00:00+00:00,2.2643073354620267,1.551576667091311,0.8793590802029189,2.83874068320159,1.4489112480579773,14.730303932222688,4.488818248537469
2022-07-10 00:00:00+00:00,2.2636899977480858,1.5504950524773842,0.8807908522355474,2.8365858356765385,1.4489112480579773,14.638653945914177,4.846882139742155
2022-07-17 00:00:00+00:00,2.2652909699416544,1.5544463835210303,0.8810056181484361,2.8797537040611565,1.448759990775643,14.714022122102119,4.9927920024560315
2022-07-24 00:00:00+00:00,2.2647851145292823,1.5575534745001423,0.8812648592980192,2.9751399009601553,1.4468244198062914,14.841548332852982,5.549177755031774
2022-07-31 00:00:00+00:00,2.2907784065721213,1.609087319053913,0.8812648592980192,3.056536244614504,1.450381540708013,15.89615144416035,6.081304711077919
2022-08-07 00:00:00+00:00,2.32749657740128,1.647648220798845,0.8812648592980192,3.119824389071654,1.451851493209172,16.45089924008208,6.450158140245295
2022-08-14 00:00:00+00:00,2.3400176337140115,1.6549333187147788,0.8812648592980192,3.1489747591412676,1.4490774540957059,16.102061884529142,6.5855618257035
2022-08-21 00:00:00+00:00,2.1416208159446666,1.4883074502632276,0.8884504725752134,2.9743941137435246,1.4318855740186123,14.200553193952418,5.556044854987279
2022-08-28 00:00:00+00:00,2.124766929589143,1.4922629267924976,0.8579082400677135,2.9137296947298097,1.4269092606098204,14.037660812350042,5.0183775507048995
2022-09-04 00:00:00+00:00,2.134615865632959,1.5000071601044722,0.8781876143144921,2.918084209595138,1.4263400744475774,14.43775742248244,5.387018399322511
2022-09-11 00:00:00+00:00,2.1458869625806525,1.5027623579872678,0.8791266612974796,2.9194503038291044,1.4278021602838622,15.112132845429379,5.711615568160887
2022-09-18 00:00:00+00:00,2.1048899807008032,1.4845006622093087,0.8754216595300903,2.907406009603035,1.4263463296230423,14.614801463859505,4.846195574321247
2022-09-25 00:00:00+00:00,2.1102731861145627,1.4920517356498386,0.8799994842275733,2.9161011425087207,1.4278954923303582,14.561301909791931,5.003059115514514
2022-10-02 00:00:00+00:00,2.0880124727375415,1.4784076099827361,0.8824041007731652,2.8927046726088412,1.4253473348437125,14.017335393442618,4.825922093564818
2022-10-09 00:00:00+00:00,2.1039636459466364,1.4828294933397026,0.8855774658428016,2.9122778610259608,1.4253473348437125,14.360326068688247,5.081126433211737
2022-10-16 00:00:00+00:00,2.0880764707529686,1.4784404626289531,0.8774632239335985,2.9000508799583073,1.4252745063125019,14.088331473672117,4.788218570811914
2022-10-23 00:00:00+00:00,2.085933705909261,1.4765011882633656,0.8716124226678019,2.8895995358404734,1.4241773426534075,14.023441051526891,4.8430676928613625
2022-10-30 00:00:00+00:00,2.113345928910997,1.5038454446473128,0.8760371498496045,2.943856355755733,1.4271756745107143,14.571231928022135,5.267175130377878
2022-11-06 00:00:00+00:00,2.1295549775210394,1.494693996726412,0.8762969389325252,2.9199674765978956,1.4283192543058596,14.725695054613379,5.384330355793665
2022-11-13 00:00:00+00:00,1.9551540885588012,1.4070265834290967,0.8309579092566295,2.7093835488500555,1.420723588572189,13.827055984905105,3.8646119866539546
2022-11-20 00:00:00+00:00,1.9480699918225246,1.401584899418718,0.8107496368875354,2.6977371114607394,1.4180661953767204,13.46955810525758,3.6831840178090363
2022-11-27 00:00:00+00:00,1.954617032514227,1.3994813394072139,0.8272956325814298,2.703115879552355,1.4175021889897088,13.888752004154489,3.9455113966731084
2022-12-04 00:00:00+00:00,1.9538885184277281,1.398605009430655,0.8306016061664414,2.7008695118226975,1.4177625563603657,13.856924320869997,4.073146626759665
2022-12-11 00:00:00+00:00,1.9451387124546298,1.3947219774106185,0.8293490069248106,2.6955908416091874,1.4176794486128363,13.574568352623,3.913387252602936
2022-12-18 00:00:00+00:00,1.9282619765385134,1.384177535383441,0.8212486658435367,2.6405497309727712,1.4169933330831366,13.045809620227534,3.4270039473952822
2022-12-25 00:00:00+00:00,1.9265028709555534,1.3846747472685443,0.8033532277814925,2.638458047561338,1.4169933330831366,13.117787441322042,3.3292619861415575
2023-01-01 00:00:00+00:00,1.9254874166004268,1.3839265671929404,0.7916618809637357,2.63354605185483,1.4169933330831366,12.966161934332385,3.241076171734421
2023-01-08 00:00:00+00:00,1.9254874166004268,1.3839265671929404,0.8117563823805771,2.63354605185483,1.4169933330831366,12.966161934332385,3.7269160310639693
2023-01-15 00:00:00+00:00,1.977372458820647,1.420555539488925,0.8119426707427224,2.7323939459642164,1.4499247197454457,12.966161934332385,4.785597958567852
2023-01-22 00:00:00+00:00,2.116977321030139,1.4577270432997775,0.8119426707427224,2.9311900919820957,1.4394284025607484,14.72477601984471,5.2357844058937
2023-01-29 00:00:00+00:00,2.2626648262742126,1.4933110563121321,0.8119426707427224,3.1480784133639195,1.422485206989327,14.901997285204414,5.734501125773755
2023-02-05 00:00:00+00:00,2.295436209545966,1.497084829750808,0.8119426707427224,3.1897505637360704,1.426639561171657,15.785325441742279,5.806719624488234
2023-02-12 00:00:00+00:00,2.17663998158169,1.4478209505438546,0.8119426707427224,3.0033473309433476,1.418280811718968,14.489283249908295,5.417269077980422
2023-02-19 00:00:00+00:00,2.3934725437974644,1.4938365384554515,0.8119426707427224,3.173394781192506,1.426321611862974,15.742890800904238,6.1245118256348565
2023-02-26 00:00:00+00:00,2.2914023769086826,1.4458819072925035,0.8119426707427224,3.048409019097861,1.4007960508433774,15.476949317970337,5.808201324169529
2023-03-05 00:00:00+00:00,2.1427526504041885,1.4197674644816811,0.8119426707427224,2.942245516841254,1.39932193350665,15.461019118021838,5.309854419183885
2023-03-12 00:00:00+00:00,2.055397034708441,1.4018934326966332,0.8134494922876607,2.888961404901926,1.3927299933585924,15.461019118021838,5.058882610642223
2023-03-19 00:00:00+00:00,2.072931738493709,1.3985959677964186,0.8156401757131927,2.9072356767361027,1.3923813911260714,15.461019118021838,5.610173439085862
2023-03-26 00:00:00+00:00,2.0174849496367524,1.386668717949526,0.8158794253141908,2.866509265361589,1.3842418424771072,15.461019118021838,5.279082046439395
2023-04-02 00:00:00+00:00,2.0285506929410113,1.3931349960826878,0.8158794253141908,2.8710863868772227,1.385714111849806,15.461019118021838,5.360719988087187
2023-04-09 00:00:00+00:00,2.021790740557977,1.394959704232853,0.8158794253141908,2.869879854348749,1.385111319430431,15.461019118021838,5.4522376378414785
2023-04-16 00:00:00+00:00,2.1284467058763,1.4259789766299307,0.8158794253141908,2.9984201903437286,1.3993509344657333,15.461019118021838,6.0837222189299425
2023-04-23 00:00:00+00:00,1.9171393598791788,1.3655229321392321,0.8158794253141908,2.846213403707403,1.3883722275946908,15.063558041863386,5.204977562773241
2023-04-30 00:00:00+00:00,1.9294495143529538,1.3641855099661058,0.8158794253141908,2.8542271412168945,1.3883722275946908,15.473843320329845,5.240446219294914
2023-05-07 00:00:00+00:00,1.914962485103068,1.362652102024254,0.8158794253141908,2.829363668205209,1.3883722275946908,15.322770280839906,4.947793665707835
2023-05-14 00:00:00+00:00,1.8991206655907633,1.3621586698786976,0.8165488930978959,2.805808124166722,1.3883722275946908,15.322770280839906,4.605476361359488
2023-05-21 00:00:00+00:00,1.9022628154280699,1.3634502119987728,0.8165707030132571,2.811032543726364,1.3883722275946908,15.322770280839906,4.591759431222965
2023-05-28 00:00:00+00:00,1.9027253950373382,1.3635418610178751,0.8192002175200744,2.8118457502693652,1.388491871542777,15.344756766760966,4.737163760707548
2023-06-04 00:00:00+00:00,1.9119006331237585,1.3636509939528867,0.8172745716350556,2.8146757944201397,1.3880738565869803,15.235064456603643,4.709171160935507
2023-06-11 00:00:00+00:00,1.8886403095113573,1.3516814924723264,0.7989289661871941,2.7801713238689496,1.3880738565869803,15.235064456603643,3.636509978342241
2023-06-18 00:00:00+00:00,1.8858773092125871,1.350534411437891,0.8047829618193952,2.7771362233902686,1.3880738565869803,15.235064456603643,3.6627210379841544
2023-06-25 00:00:00+00:00,1.8934339540809997,1.3524127079825643,0.8639271290236982,2.784347437035568,1.3840869316984807,15.235064456603643,4.301440205984421
2023-07-02 00:00:00+00:00,1.9248029398622903,1.3709031060603782,0.864632916156993,2.8218856470255593,1.39668641870533,15.784665374116521,4.5280760875849415
2023-07-09 00:00:00+00:00,1.9037893086521904,1.3615301676473859,0.8644788314989565,2.7925425671665853,1.3952809694660195,15.426461651920784,4.317494180869801
2023-07-16 00:00:00+00:00,1.932460754443076,1.3563764558639477,0.8644788314989565,2.887360386399576,1.3827752412450487,15.543588954013206,4.662858559636014
2023-07-23 00:00:00+00:00,1.9404781691085664,1.3595334392450393,0.8644788314989565,2.908740904258408,1.381029602412135,15.191306185252197,4.730852293444099
2023-07-30 00:00:00+00:00,1.9161561575093486,1.3517789290888231,0.8644788314989565,2.8720538871212273,1.3809113896646634,15.34727270759652,4.5667551185113355
2023-08-06 00:00:00+00:00,1.8832032954662083,1.3411398649678448,0.8648027214186982,2.8379799102230687,1.376558328718899,15.227399431625917,4.396798475780043
2023-08-13 00:00:00+00:00,1.8895000036843894,1.340071642873619,0.864193494938677,2.8511995564633206,1.380164925409998,15.227399431625917,4.449837361104801
2023-08-20 00:00:00+00:00,1.8410504530932414,1.3410948385524228,0.8715333980227795,2.7596917903341853,1.3809574462501089,15.747236744918622,3.9553318850271415
2023-08-27 00:00:00+00:00,1.8330554753917767,1.3392364931518215,0.8588776904335645,2.756825297000197,1.3809574462501089,15.204982504581212,3.837465751387979
2023-09-03 00:00:00+00:00,1.8243780381775578,1.3392364931518215,0.8516082618388455,2.7506541804641866,1.3809574462501089,15.20830446705426,3.6799667773993683
2023-09-10 00:00:00+00:00,1.824479827326106,1.3392364931518215,0.8574396335422243,2.7512184560572024,1.3809574462501089,15.375743804977265,3.6091421354605093
2023-09-17 00:00:00+00:00,1.8312777383667709,1.3393924238424144,0.8617919051882585,2.7504724310654587,1.3809574462501089,15.573313308204934,3.663659236964819
2023-09-24 00:00:00+00:00,1.8286038418730297,1.3391138359847836,0.8602653410580775,2.7489812304400663,1.3809574462501089,15.573313308204934,3.642392412488103
2023-10-01 00:00:00+00:00,1.8389421101276726,1.341403565618281,0.8612408068424758,2.754986601136491,1.3809574462501089,15.509387460108913,4.0057112845470035
2023-10-08 00:00:00+00:00,1.8336050732772613,1.338544697299941,0.8617259267932142,2.7440889790752974,1.3809574462501089,15.48696849655634,3.7569200605857893
2023-10-15 00:00:00+00:00,1.833876843279379,1.337303382341289,0.861920872643103,2.7416816190062896,1.3809574462501089,15.48696849655634,3.598028945320774
2023-10-22 00:00:00+00:00,1.8699587892355811,1.3484134610836287,0.8620753398382748,2.7888781661118793,1.3911795304807992,15.48696849655634,3.8717640580992194
2023-10-29 00:00:00+00:00,1.957651733949433,1.377931995645366,0.8627122182387205,2.9797564003681796,1.3956849751675005,15.9827960413691,4.407711067324968
2023-11-05 00:00:00+00:00,2.181105559048004,1.431367597813941,0.8627122182387205,3.256434347836621,1.4246396607116967,18.63215044807939,4.905172889160446
2023-11-12 00:00:00+00:00,2.397241435761255,1.5210323834411419,0.8627122182387205,3.768783476028021,1.4683457246611111,20.82914114110892,5.717067645754678
2023-11-19 00:00:00+00:00,2.3406043902180818,1.4622484436703571,0.8627122182387205,3.7182599332385586,1.4053630478408907,20.335590324607153,5.646842128848119
2023-11-26 00:00:00+00:00,2.3505734394743922,1.4557033285431369,0.8627122182387205,3.7012591354371396,1.3999057618144843,18.729070105543038,5.742909261677744
2023-12-03 00:00:00+00:00,2.410548348052053,1.4626383224440416,0.8627122182387205,3.770764446719509,1.398167878310242,20.584958521072963,5.953771622207198
2023-12-10 00:00:00+00:00,2.7500649163430144,1.5804656356796232,0.8627122182387205,4.1983128495941235,1.4520856608021986,23.909974966495458,6.901388122686402
2023-12-17 00:00:00+00:00,2.636535027832918,1.5059127715843865,0.8627122182387205,4.05190445045302,1.3952703277027207,21.833001937382477,6.6401051987671424
2023-12-24 00:00:00+00:00,2.9219270096958123,1.5817049401004597,0.8627122182387205,4.476185352426055,1.4059535013276159,26.331601003470812,7.54847313184696
2023-12-31 00:00:00+00:00,2.923255407767252,1.5552418820765204,0.8627122182387205,4.443795986401016,1.3812680936513253,24.577092965684155,7.58403767334848
2024-01-07 00:00:00+00:00,2.465241831955174,1.3675424064581525,0.8627122182387205,3.9155499726497065,1.2972817184087015,20.51305264575167,6.615765668318321
2024-01-14 00:00:00+00:00,2.561879194759546,1.3885600771032727,0.8627122182387205,3.9640969729267965,1.296486368047231,21.893698571336255,7.138813102271895
2024-01-21 00:00:00+00:00,2.512364346195657,1.3746205716104516,0.8627122182387205,3.8844178478979865,1.284627372409796,21.10633312100281,6.9121868920877825
2024-01-28 00:00:00+00:00,2.491484447170983,1.3804228156018743,0.8627122182387205,3.8848338778908973,1.281343336341572,20.94487418413948,6.805275351560027
2024-02-04 00:00:00+00:00,2.5057909732768713,1.3880915404025578,0.8620475125628521,3.891380149293376,1.2829969991715842,21.022271165990045,6.66768790914613
2024-02-11 00:00:00+00:00,2.5496713022065047,1.3981074678350291,0.8632260318476382,3.9594462375479575,1.2879921638192728,21.388558104484197,7.236770856867645
2024-02-18 00:00:00+00:00,2.7047381340909693,1.4323514186359232,0.8631583589118422,4.106934352752678,1.2887908525174043,22.078751890947135,7.958003603637545
2024-02-25 00:00:00+00:00,2.8156860748422976,1.4624640483814144,0.862943342191623,4.2931766390467825,1.28556793065913,22.78762607475602,8.35394405131969
2024-03-03 00:00:00+00:00,3.3183802548990444,1.638718360627318,0.862943342191623,5.11668127705577,1.3459673481980847,25.035306631582063,10.164456386221552
2024-03-10 00:00:00+00:00,3.4364760637264604,1.5782316751702992,0.862943342191623,5.571435295673112,1.3031617230968007,27.875854282740395,11.266401529975047
2024-03-17 00:00:00+00:00,3.3395335252995433,1.5273586247090352,0.862943342191623,5.409832417347668,1.2359177211501262,27.153698339267674,10.904595595429159
2024-03-24 00:00:00+00:00,3.2502474994170103,1.4388546270387532,0.8636067079066009,5.241300945431778,1.2313725176812205,25.0302548353976,10.815561774358489
2024-03-31 00:00:00+00:00,3.3868339719066562,1.4702209193579916,0.8638558767535519,5.457323823946108,1.241900605562053,25.67950461738051,11.498629124733377
2024-04-07 00:00:00+00:00,3.1840414166668225,1.4213642818985188,0.863779439597421,5.193185212477373,1.2249257602360766,22.80802629810834,10.428017188680409
2024-04-14 00:00:00+00:00,2.908232234634905,1.3848169144250688,0.8756121052730956,5.094903303188991,1.2111524240071991,21.98839457514475,8.056197054448358
2024-04-21 00:00:00+00:00,2.8946075677873075,1.3848169144250688,0.8831624027275192,5.095767980492715,1.2111524240071991,21.98839457514475,8.372414213072997
2024-04-28 00:00:00+00:00,2.8885959891555686,1.3790540721875515,0.8765198177759318,5.0874444657168665,1.2062847502225142,21.98839457514475,8.117517607488365
2024-05-05 00:00:00+00:00,2.887657083002692,1.3790540721875515,0.8773313125946238,5.090400084773639,1.2062847502225142,21.98839457514475,8.252485270303168
2024-05-12 00:00:00+00:00,2.8869519217124675,1.3780211577429937,0.8773313125946238,5.070664464598232,1.2062847502225142,21.98839457514475,7.789985399767862
2024-05-19 00:00:00+00:00,2.8782597653680932,1.3759369368845444,0.8786335007932825,5.0081523177674985,1.2062847502225142,21.98839457514475,8.028464554025467
2024-05-26 00:00:00+00:00,2.874415816334789,1.372540106967312,0.8786335007932825,5.064619199922285,1.206469589688123,21.98839457514475,8.610383286022671
2024-06-02 00:00:00+00:00,2.8308714348321744,1.3508226213511159,0.8786335007932825,4.929657922482944,1.2053458158878287,22.030228471600708,8.278005136973007
2024-06-09 00:00:00+00:00,2.7914414039109094,1.3254074914064047,0.8728950637230742,4.762608770915584,1.2023039856732813,21.807689822330516,7.781555271990705
2024-06-16 00:00:00+00:00,2.770232624464929,1.3110430995974955,0.8701708599081133,4.651804333780774,1.1962523264437668,21.807689822330516,7.164564999427936
2024-06-23 00:00:00+00:00,2.7557973262098736,1.3037722644421843,0.870907888070359,4.616356022745731,1.1951472372285048,21.807689822330516,6.327230550567207
2024-06-30 00:00:00+00:00,2.754488000114074,1.3018385319895156,0.8698498023257388,4.619699915739662,1.1951472372285048,21.807689822330516,6.569642307650218
2024-07-07 00:00:00+00:00,2.747837446459866,1.3002995439838143,0.8637011975619158,4.6207009483010015,1.1951472372285048,21.71710425594726,5.525343508352188
2024-07-14 00:00:00+00:00,2.7522709537389516,1.3038745000103904,0.8818937606218458,4.6293016251493055,1.1951472372285048,22.148182707047226,6.402986358166641
2024-07-21 00:00:00+00:00,2.7574035703269137,1.3097481013225167,0.8848131391894106,4.720694384311649,1.1938741660221697,22.04415679759702,6.978156368420933
2024-07-28 00:00:00+00:00,2.7141901441231795,1.295881264482722,0.8848131391894106,4.548160234325706,1.1938741660221697,22.075615813785227,6.3903081713056205
2024-08-04 00:00:00+00:00,2.6561186420733027,1.2639025730438438,0.8848131391894106,4.454417290115552,1.1917153207204965,22.075615813785227,5.177415962795576
2024-08-11 00:00:00+00:00,2.643378267937683,1.261751418053438,0.9043972059100646,4.436464474283406,1.1917153207204965,22.075615813785227,5.097006786600648
2024-08-18 00:00:00+00:00,2.6443142287531654,1.2600130417505377,0.9138101092768168,4.437696730533379,1.1872157103539105,22.075615813785227,5.282386346928052
2024-08-25 00:00:00+00:00,2.6441182781590395,1.2637412695535668,0.9333402234821765,4.430457395948577,1.19436405242936,22.075615813785227,6.0865327959137225
2024-09-01 00:00:00+00:00,2.591318665681049,1.225214145565431,0.9332433327015579,4.4023778905573,1.1843205576595208,22.075615813785227,5.085122507083522
2024-09-08 00:00:00+00:00,2.5904435905815575,1.2221224800720658,0.9332433327015579,4.3820109182127975,1.1843205576595208,22.075615813785227,5.182086528321055
2024-09-15 00:00:00+00:00,2.5951975471862245,1.2217911771787,0.9332433327015579,4.36557880974056,1.1831433847592723,22.075615813785227,5.385556143509981
2024-09-22 00:00:00+00:00,2.606398277552619,1.2346300932383094,0.9332433327015579,4.407512420656888,1.1968163972473025,22.075615813785227,5.95676811084105
2024-09-29 00:00:00+00:00,2.700034294847066,1.2656738702060295,0.9332433327015579,4.482062207387019,1.2051361470853854,22.376471356948638,6.5787931407692115
2024-10-06 00:00:00+00:00,2.437475751240855,1.1742413834411616,0.9332433327015579,4.260503147038564,1.1576297829736197,22.61736903618299,5.9851471787548896
2024-10-13 00:00:00+00:00,2.462500004700727,1.1831123821556995,0.9332433327015579,4.248417740900198,1.1676645410897855,23.783520292453417,5.993170544866433
2024-10-20 00:00:00+00:00,2.520365586352528,1.1898435533660974,0.9332433327015579,4.3144021295074,1.162985744990713,23.25383323237069,6.586866517477412
2024-10-27 00:00:00+00:00,2.371219701743731,1.1618573341683112,0.9337283856304804,4.143015896355524,1.146767645163373,22.459052808082415,5.934781505506297
2024-11-03 00:00:00+00:00,2.323852623328644,1.1509711481347058,0.9345042881765343,4.072004640399971,1.1440431943894465,22.169089262168637,5.49422689532018
2024-11-10 00:00:00+00:00,2.489279633899381,1.195297110377364,0.935059745778663,4.4462393950489805,1.172164070438392,25.338451159251523,7.1572720113167
2024-11-17 00:00:00+00:00,2.651938466122391,1.2388346302331465,0.935059745778663,4.7061280709650175,1.1574074143250683,32.14719790722542,7.88028760522786
2024-11-24 00:00:00+00:00,3.3157786903224777,1.5512348308289758,0.935059745778663,5.9995961959284205,1.3562080396564606,44.200771658881685,10.973754542244176
2024-12-01 00:00:00+00:00,3.576056126118417,1.6948335921309703,0.935059745778663,6.62344728918306,1.4279618100265346,56.32962635597294,12.278414830049666
2024-12-08 00:00:00+00:00,4.183863071726787,2.004118721458724,0.935059745778663,8.029374131739813,1.6412708376432852,62.32461295357577,15.079751686010098
2024-12-15 00:00:00+00:00,3.7717013495262415,1.7056710092990381,0.935059745778663,7.138014910046409,1.4413847206103119,56.465689315748435,13.631643238547698
2024-12-22 00:00:00+00:00,3.229885461982637,1.6063794224310342,0.935059745778663,5.913507404464494,1.4208500812043903,45.28772234302161,10.56823622745904
2024-12-29 00:00:00+00:00,3.2585723462246357,1.6107249202345963,0.935059745778663,5.971347625380895,1.4208500812043903,46.92171705121525,10.658015658903683
2025-01-05 00:00:00+00:00,3.296204094179724,1.6136424624010675,0.935059745778663,5.96760053689402,1.4207897199774076,46.62329331015525,12.104607949527557
2025-01-12 00:00:00+00:00,3.1465660727401663,1.6039288656614719,0.935059745778663,5.92745856811051,1.4202300527294593,46.62329331015525,10.489804427065126
2025-01-19 00:00:00+00:00,3.1172070707485386,1.5893248179972137,0.935059745778663,5.699231628988124,1.4093453845632335,46.62329331015525,10.417016600261656
2025-01-26 00:00:00+00:00,3.0946292189010776,1.5815279471092272,0.935059745778663,5.659833402706711,1.4054741422379613,46.62329331015525,10.020738220991678
2025-02-02 00:00:00+00:00,3.026931693604695,1.5664466565224011,0.935059745778663,5.590164077807611,1.4001185055430658,44.93076429651864,8.08245259562484
2025-02-09 00:00:00+00:00,3.0048286980602312,1.5645740593410509,0.936595615358403,5.5693015895196805,1.4001185055430658,44.04180087696859,7.47593509165109
2025-02-16 00:00:00+00:00,3.0075033555854596,1.5645740593410509,0.9409689589051917,5.569380688246513,1.4001185055430658,44.04180087696859,7.802490928381694
2025-02-23 00:00:00+00:00,3.006270521699714,1.5651131460894774,0.9439977672398526,5.5675727386204645,1.4008670253631204,44.04180087696859,7.7905975709825634
2025-03-02 00:00:00+00:00,2.9999641801493864,1.5661468164088308,0.946691832307791,5.560071656143665,1.4005699610513136,44.04180087696859,7.951984353643329
2025-03-09 00:00:00+00:00,2.973023908487607,1.5442042932431743,0.9438998715742599,5.48313079427412,1.3869915889677533,44.04180087696859,6.04859627536558
2025-03-16 00:00:00+00:00,2.971154372691245,1.5429558252196225,0.9453008152452319,5.474486296486788,1.3861944435981026,44.04180087696859,6.020467730340111
2025-03-23 00:00:00+00:00,2.971154372691245,1.5427671767707591,0.9468882760773913,5.471110094763366,1.3861944435981026,44.04180087696859,6.379188201805733
2025-03-30 00:00:00+00:00,2.9640571900747132,1.534181804703099,0.947594783415558,5.42291773485006,1.3840726662437943,44.04180087696859,5.890826482132152
2025-04-06 00:00:00+00:00,2.9602810221776124,1.5300342407617273,0.947594783415558,5.419187677307018,1.384238047404876,42.539865310041286,5.105016992705788
2025-04-13 00:00:00+00:00,2.958270223518463,1.5271692152657057,0.9519888256014574,5.4124833805657,1.3841961903434492,41.45170966769337,5.51895693204962
2025-04-20 00:00:00+00:00,2.9581247685980654,1.5258039997709074,0.9524172603741388,5.409242155719654,1.3840843463515793,41.45170966769337,5.6796191179631315
2025-04-27 00:00:00+00:00,2.9540744174593896,1.5318048275344174,0.9598523263807114,5.422382264300153,1.3843134553622714,41.45170966769337,6.263713810407379
2025-05-04 00:00:00+00:00,2.9152739111822377,1.5129399213945416,0.9598523263807114,5.27140141633258,1.377714074636628,41.45170966769337,5.9852763859552
2025-05-11 00:00:00+00:00,3.0302664223858033,1.6495302337774644,0.9598523263807114,6.092509203461682,1.4218727603058938,43.82932422613737,7.544247483089598
2025-05-18 00:00:00+00:00,2.926399980551934,1.5737460233259628,0.9598523263807114,5.828348678831711,1.3626085560446748,42.57471744401618,7.1991033378100475
2025-05-25 00:00:00+00:00,2.868634706764637,1.5427636974861978,0.9598523263807114,5.743262516865529,1.3587847025712063,44.906220842698545,7.0624721505062515
2025-06-01 00:00:00+00:00,2.7163258124418244,1.4620944758552232,0.9598523263807114,5.475277819680471,1.3442619787511754,44.96418641431017,6.474578036378053
2025-06-08 00:00:00+00:00,2.7133405097541523,1.4605157565082847,0.9598523263807114,5.412013866526765,1.3446463944629659,44.811517745466524,6.414009547057447
2025-06-15 00:00:00+00:00,2.7059594951818546,1.4548189202869481,0.9598523263807114,5.42687117809605,1.3342694375443698,44.49454710623415,6.205666833438632
2025-06-22 00:00:00+00:00,2.657604030688432,1.4293524981146208,0.959449025636741,5.392154377764879,1.3261198084759103,44.49454710623415,5.388945177245816
2025-06-29 00:00:00+00:00,2.696317952705046,1.4322233910893452,0.9642854716240983,5.420695637898165,1.329028223268866,44.49454710623415,6.166397535630102
2025-07-06 00:00:00+00:00,2.6979282857047036,1.4313083429705018,0.9646294450457678,5.402774180516176,1.3281850148452723,44.49454710623415,6.025003227703704
2025-07-13 00:00:00+00:00,2.7959008061341097,1.4979594650692172,0.9651572023281487,5.617565761087084,1.3580999300663363,44.49454710623415,7.195509494442958
2025-07-20 00:00:00+00:00,3.141393095647162,1.6321806001646053,0.9651572023281487,6.311099885635785,1.4420187529959074,43.39431649402231,8.395074039593895
2025-07-27 00:00:00+00:00,3.043375545022455,1.5908497383670972,0.9651572023281487,6.107643068643306,1.3925700079978736,42.961583971121314,8.13846999276804
2025-08-03 00:00:00+00:00,2.682501543773427,1.4489223752377838,0.9651572023281487,5.401133057842735,1.3677816348794793,39.393203704354754,7.000044882007054
2025-08-10 00:00:00+00:00,2.8440107371429764,1.4678068706367533,0.9651572023281487,5.823283339711881,1.3688287856783805,43.02386710206585,7.89485153662982
2025-08-17 00:00:00+00:00,2.8346452337972607,1.4613362413220734,0.9651572023281487,5.714592538075325,1.360355158927187,43.282159524056894,7.871398646460347
2025-08-24 00:00:00+00:00,2.8113390400461715,1.462211570833346,0.9651572023281487,5.622647580666367,1.353879218229032,42.74750001844004,7.8965618039324905
2025-08-31 00:00:00+00:00,2.652299469796172,1.4256998218684236,0.9651572023281487,5.457948385728297,1.3315633118699577,42.74750001844004,7.229999493645868
2025-09-07 00:00:00+00:00,2.652626793253637,1.422351120396207,0.9651572023281487,5.465623581993067,1.3298838483123367,42.74750001844004,7.350144375105927
2025-09-14 00:00:00+00:00,2.689100580774495,1.4346301664181518,0.9651572023281487,5.47746453381877,1.3338226149077184,42.74750001844004,7.8241643158119984
2025-09-21 00:00:00+00:00,2.6587898306812034,1.4284484292793085,0.9651572023281487,5.375831752262669,1.3335300656025164,41.82299036146304,7.70668580697629
2025-09-28 00:00:00+00:00,2.51850463581554,1.401136298048509,0.9651572023281487,5.261246117976284,1.3281135656722087,39.09426306598487,7.222221044350572
2025-10-05 00:00:00+00:00,2.531515560179727,1.4076887449785136,0.9651572023281487,5.335832143242208,1.3314094136889632,39.63836507906651,7.5813111265979645
2025-10-12 00:00:00+00:00,2.4137695234790866,1.3841019438703965,0.998129417588669,5.0616154331447785,1.319283734503459,40.64584673712892,6.296316904477425
2025-10-19 00:00:00+00:00,2.403979569799175,1.3826158743680674,0.980452877579512,5.028750958360635,1.3216053559252576,39.632982069412606,5.836155536389132
2025-10-26 00:00:00+00:00,2.3995748174021276,1.3826158743680674,0.9913839063747106,5.021020271592074,1.3216053559252576,39.632982069412606,6.0735727511147255
2025-11-02 00:00:00+00:00,2.3939236738769663,1.3826158743680674,0.9733454051692195,5.010589141910641,1.3216053559252576,39.632982069412606,5.751559810580296
2025-11-09 00:00:00+00:00,2.39008302081643,1.3942443715266024,0.9733454051692195,5.008941582528124,1.3332098079291026,39.632982069412606,5.937422530918049
2025-11-16 00:00:00+00:00,2.386821982370945,1.3754586080420201,0.9733454051692195,4.977631957592893,1.3264620874688928,39.632982069412606,5.052463604379058
2025-11-23 00:00:00+00:00,2.385890553241318,1.3716062014745112,0.9732805030596127,4.9732079135853615,1.3248658694865292,39.632982069412606,4.461382122712259
2025-11-30 00:00:00+00:00,2.3857571456623803,1.372080079574751,0.9735665715783818,4.972241382484568,1.3248818310716328,39.632982069412606,4.455967234557843
2025-12-07 00:00:00+00:00,2.3865057974813735,1.3724780051829426,0.9780472101573857,4.970872436208283,1.3254965618362013,39.632982069412606,4.304635935937451
2025-12-14 00:00:00+00:00,2.385497984871184,1.3697417805732144,0.9791054967298761,4.968919248794195,1.3248702677375233,39.632982069412606,4.104383305022429
2025-12-21 00:00:00+00:00,2.3853204109066546,1.3703230053848325,0.9808520709009733,4.965241420181034,1.3249338414543974,39.632982069412606,3.874404316988061
2025-12-28 00:00:00+00:00,2.3857374437335146,1.3711243859456663,0.9824643626714302,4.96216373751088,1.3253115291735518,39.632982069412606,3.9421369737298884
2026-01-04 00:00:00+00:00,2.388441917009938,1.3803102786293928,0.9818457694388502,4.969750353775977,1.3322709714208367,39.632982069412606,4.3423625226976466
2026-01-11 00:00:00+00:00,2.389422636371064,1.370635016916359,0.9818457694388502,4.958310316643073,1.3221743615122774,39.632982069412606,4.265033607194676
2026-01-18 00:00:00+00:00,2.3888013324120405,1.3768732928932705,0.9818457694388502,4.90465892815534,1.321392462242684,39.90968874392591,4.390160120171296
2026-01-25 00:00:00+00:00,2.369599119360099,1.3322651829800705,0.9818457694388502,4.815978941891087,1.2952521069061207,35.92953872009811,3.9102936659723304
2026-02-01 00:00:00+00:00,2.3607230456427386,1.3265611173485035,0.9787774115685743,4.772843564007473,1.2952521069061207,33.4063391927503,3.2833305314370147
2026-02-08 00:00:00+00:00,2.3590292918506672,1.3265611173485035,0.9888958425205252,4.768900363304858,1.2952521069061207,31.643238514982585,2.978145432851791
2026-02-15 00:00:00+00:00,2.359293241264192,1.3265611173485035,1.0024853996172707,4.769250110933033,1.2952521069061207,31.643238514982585,3.02494840754172
2026-02-22 00:00:00+00:00,2.3587010084519493,1.3263352740604328,0.9723065138857021,4.769162372578139,1.2947723933530166,31.643238514982585,2.8855284966361077
2026-03-01 00:00:00+00:00,2.3578195796020096,1.324558503223822,0.9887853610239818,4.767794035347294,1.2923712282961204,31.643238514982585,2.809835733009122
2026-03-08 00:00:00+00:00,2.3578195796020096,1.3239741864444508,0.9884610664931087,4.758333196174573,1.2924139317015906,31.643238514982585,2.716880513880914
2026-03-15 00:00:00+00:00,2.357991698995794,1.3262370905254321,0.9888910625624362,4.767954553260383,1.2936654911077197,31.643238514982585,2.9395444241834783
2026-03-22 00:00:00+00:00,2.3577348823372533,1.3031644724816351,0.9888910625624362,4.737161488755258,1.2830158843511767,31.643238514982585,2.726023604912294
2026-03-29 00:00:00+00:00,2.357884317298484,1.2937356792325707,0.9888910625624362,4.706569420014105,1.2801487444776976,31.643238514982585,2.638779194470069
2026-04-05 00:00:00+00:00,2.356869342903576,1.2980766520972429,0.9888910625624362,4.709929992638909,1.2808890880973975,31.643238514982585,2.72726066851964
2026-04-12 00:00:00+00:00,2.3555102481772305,1.289776311093481,0.9888910625624362,4.700420031098602,1.2764970163893772,31.643238514982585,2.7415669435731673
2026-04-19 00:00:00+00:00,2.356499392256695,1.2921074664802206,0.9888910625624362,4.714182472391608,1.274577783238456,30.210270003430825,2.9604072585593815
2026-04-26 00:00:00+00:00,2.368325631098658,1.3092136338900229,0.9888910625624362,4.766747203154426,1.2879491823845182,30.929248772666487,3.193021048328391
2026-05-03 00:00:00+00:00,2.3551767790149456,1.2877565018947166,0.9888910625624362,4.7180936300190375,1.2691797529567228,29.96724224283938,3.0841185640609687
2026-05-10 00:00:00+00:00,2.406773199941833,1.355249086021394,0.9888910625624362,4.856082564439879,1.297551090375873,29.55067852437111,3.5284725005569966
2026-05-17 00:00:00+00:00,2.3197197583819027,1.2593017096287307,0.9888910625624362,4.696147275728093,1.248945854665621,27.508966912641913,3.0863945566270075
2026-05-24 00:00:00+00:00,2.3249765016279516,1.2696672364339892,0.9868476445603372,4.714572058085969,1.2570432570240124,28.03349007675505,3.08901195098288
2026-05-31 00:00:00+00:00,2.329701413999805,1.268054823067061,0.9861465764069418,4.730190592754776,1.2613275882398856,28.865332934442193,3.114173246360635
2026-06-07 00:00:00+00:00,2.3031105953634987,1.258750735489271,0.9667686231057313,4.68758143788261,1.2552844737339242,27.637986038455576,2.543365864153208
2026-06-14 00:00:00+00:00,2.3016585810429153,1.2583104986443914,0.9887515407258016,4.686133557990394,1.2544130060403877,27.637986038455576,2.629457129631222
2026-06-21 00:00:00+00:00,2.30024022001553,1.2576839629623189,0.9908858035296532,4.684204457666857,1.2535024332145472,27.637986038455576,2.5390253057034418
2026-06-28 00:00:00+00:00,2.2960509258978243,1.256924387508756,0.9731977625456398,4.681273246985792,1.2539177922059868,27.637986038455576,2.3845231998464436
2026-07-05 00:00:00+00:00,2.297033102909282,1.2564618603738207,0.9755188475342226,4.680306215382051,1.2537751972735072,27.637986038455576,2.5771634120769567
2026-07-12 00:00:00+00:00,2.2985067418847756,1.2571848749621792,0.9745128923420212,4.667293990384186,1.2532748503512239,27.960579802969054,2.5138465651935973
2026-07-19 00:00:00+00:00,2.294434451640251,1.250040097136743,0.9747927083149667,4.658924601161417,1.248453130626549,27.6326247714178,2.4752985201703113
2026-07-26 00:00:00+00:00,2.2960245638734538,1.2531328915454865,0.9740826480251982,4.658611947194449,1.2486175580046688,27.6326247714178,2.495428955335744
2026-08-02 00:00:00+00:00,2.291088449198573,1.2436565614043906,0.9704922261845584,4.627847750265432,1.2465674265780773,27.062196751652245,2.3919211663492397
2026-08-09 00:00:00+00:00,2.289555113379445,1.2413172846098555,0.9715772492834858,4.623113720321756,1.245051762790192,27.032399784313842,2.3981102416120774
2026-08-16 00:00:00+00:00,2.2860891270377066,1.236715888674182,0.9693685811750019,4.617258212620325,1.2404155631237088,27.032399784313842,2.311273374188654
2026-08-23 00:00:00+00:00,2.38494029146073,1.2768052087434032,0.9815945731411068,4.813090282423298,1.2707074818940731,27.032399784313842,2.8931748092336136
2026-08-30 00:00:00+00:00,2.273809251458153,1.2402095847461592,0.9815945731411068,4.613076060396097,1.253968179381794,25.560059851661993,2.644233269290321
2026-09-06 00:00:00+00:00,2.3108263590419686,1.24751560243487,0.9815945731411068,4.666031777600331,1.2560299939966224,25.560059851661993,2.717803823962778
