time_utc,symbol,score,label,entry_px,ret5_pct,mfe2_from_entry,mae2_from_entry,exit,pnl_pct_after_fee,notional_usd,pnl_usd,equity_after,drawdown_pct,R,month
2026-03-22T13:10:00+00:00,BLUAIUSDT,79,REAL_CONTINUATION,0.006985000000000001,7.247044372792888,5.153901216893342,-2.5912670007158245,time_mid,1.1813171080887586,1250.0,14.766463851109481,10014.766463851109,0.0,0.14766463851109482,2026-03
2026-03-29T14:05:00+00:00,AGTUSDT,84,FAILED_OR_PARTIAL,0.007216000000000001,12.521440823327625,4.462305986696236,-5.002771618625291,time_mid,-0.3702328159645275,1251.8458079813886,-4.634743986423387,10010.131719864685,-0.04627910199557217,-0.04627910199556594,2026-03
2026-04-01T06:20:00+00:00,LQTYUSDT,77,FAILED_OR_PARTIAL,0.30709999999999993,8.631057658294994,0.4884402474763849,-9.638554216867457,stop,-8.1,1251.2664649830856,-101.35258366362994,9908.779136201056,-1.0583105260878578,-1.0125,2026-04
2026-04-02T16:00:00+00:00,BMTUSDT,73,REAL_CONTINUATION,0.01598,8.192281651997302,17.396745932415513,-5.193992490613275,target,11.9,1238.597392025132,147.3930896509907,10056.172225852046,0.0,1.4875,2026-04
2026-04-07T14:15:00+00:00,IRYSUSDT,95,FAILED_OR_PARTIAL,0.021189999999999997,10.710553814002076,4.5304388862671185,-1.6045304388862536,time_mid,1.3629542236904324,1257.0215282315057,17.132628011729327,10073.304853863776,0.0,0.17036927796130405,2026-04
2026-04-10T12:20:00+00:00,MAVIAUSDT,88,FAILED_OR_PARTIAL,0.03143,8.267309679641755,4.740693604836133,-1.049952274896604,time_mid,1.7453706649697642,1259.163106732972,21.977063489039214,10095.281917352815,0.0,0.21817133312122053,2026-04
2026-04-11T14:20:00+00:00,AINUSDT,98,REAL_CONTINUATION,0.07093,15.1835011367327,5.343296207528536,-10.320033836176512,stop,-8.1,1261.9102396691019,-102.21472941319726,9993.067187939618,-1.012500000000005,-1.0125,2026-04
2026-04-14T04:10:00+00:00,BELUSDT,80,FAILED_OR_PARTIAL,0.1096,8.193484698914123,3.649635036496335,-6.569343065693445,time_mid,-1.5598540145985553,1249.1333984924522,-19.484657464075884,9973.582530475542,-1.2055075615875932,-0.19498175182481942,2026-04
2026-05-10T17:50:00+00:00,ALCHUSDT,92,REAL_CONTINUATION,0.0909,10.705151625867735,23.102310231023093,-4.741474147414748,target,11.9,1246.6978163094427,148.3570401408237,10121.939570616365,0.0,1.4875,2026-05
2026-05-11T05:15:00+00:00,JCTUSDT,70,FAILED_OR_PARTIAL,0.003097,7.199723087573551,4.7465288989344545,-1.6144656118824652,time_mid,1.4660316435259946,1265.2424463270456,18.548854630476885,10140.488425246842,0.0,0.18325395544074932,2026-05
2026-05-14T15:15:00+00:00,DODOXUSDT,100,REAL_CONTINUATION,0.023338,16.48614923883205,7.7255977375953355,-10.017996400719865,stop,-8.1,1267.5610531558552,-102.67244530562428,10037.815979941217,-1.012500000000005,-1.0125,2026-05
2026-05-18T01:05:00+00:00,APRUSDT,82,REAL_CONTINUATION,0.14935,7.46923796502843,17.14094409106126,-3.8299296953465234,target,11.9,1254.7269974926521,149.31251270162562,10187.128492642843,0.0,1.4875,2026-05
2026-06-02T17:45:00+00:00,KOMAUSDT,75,FAILED_OR_PARTIAL,0.007130999999999999,9.070052003670837,1.1078390127611915,-5.959893423082308,time_mid,-2.5260272051605583,1273.3910615803554,-32.16620464360262,10154.96228799924,-0.3157534006450802,-0.3157534006450698,2026-06
2026-06-08T20:50:00+00:00,DODOXUSDT,73,FAILED_OR_PARTIAL,0.017179,7.241400836506662,7.107514989231034,-6.234355899644917,time_mid,0.33657954479305874,1269.370285999905,4.272440730356829,10159.234728729598,-0.27381380271574995,0.04207244309913234,2026-06
2026-06-13T02:15:00+00:00,AGTUSDT,81,FAILED_OR_PARTIAL,0.015828,10.445886539669246,3.607530957796312,-1.5163002274450221,time_mid,0.945615365175645,1269.9043410911997,12.008410572390918,10171.243139301989,-0.15593553524260173,0.11820192064695563,2026-06
2026-06-16T05:30:00+00:00,BRUSDT,82,REAL_CONTINUATION,0.12151,8.056914184081831,30.746440622171022,-0.21397415850548107,target,11.9,1271.4053924127486,151.2972416971171,10322.540380999106,0.0,1.4875,2026-06
2026-06-16T12:30:00+00:00,DRIFTUSDT,76,FAILED_OR_PARTIAL,0.01875,9.45709281961471,1.0666666666666824,-12.426666666666664,stop,-8.1,1290.3175476248882,-104.51572135761594,10218.024659641489,-1.012500000000005,-1.0125,2026-06
2026-06-19T09:35:00+00:00,GRIFFAINUSDT,72,FAILED_OR_PARTIAL,0.009136,8.156742038593578,3.995183887915954,-11.372591943957955,stop,-8.1,1277.2530824551861,-103.45749967887008,10114.567159962618,-2.0147484375000135,-1.0125,2026-06
2026-06-22T13:30:00+00:00,AVAAIUSDT,81,FAILED_OR_PARTIAL,0.005613,9.096209912536434,3.474078033137351,-5.5763406378050995,time_mid,-1.1511313023338743,1264.3208949953273,-14.553993584239006,10100.01316637838,-2.1557408003008316,-0.14389141279173429,2026-06
2026-07-01T06:30:00+00:00,BROCCOLIF3BUSDT,74,FAILED_OR_PARTIAL,0.006036,7.28759331674369,7.670642809807826,-16.500994035785276,stop,-8.1,1262.5016457972974,-102.26263330958109,9997.750533068798,-3.1464139246977885,-1.0125,2026-07
2026-07-02T01:30:00+00:00,BIRBUSDT,78,REAL_CONTINUATION,0.0635,7.681872138375434,6.724409448818891,-5.307086614173217,time_mid,0.608661417322837,1249.7188166335998,7.606556261872255,10005.35708933067,-3.072725123481046,0.07608267716535462,2026-07
2026-07-03T20:30:00+00:00,CHILLGUYUSDT,80,FAILED_OR_PARTIAL,0.010334,7.0215410107705045,4.412618540739288,-0.8418811689568373,time_mid,1.6853686858912253,1250.6696361663337,21.078394411897108,10026.435483742567,-2.8685273811239753,0.21067108573640317,2026-07
2026-07-04T11:00:00+00:00,OGNUSDT,96,REAL_CONTINUATION,0.01838,9.9940155595452,25.136017410228483,-1.1969532100108982,target,11.9,1253.304435467821,149.1432278206707,10175.578711563237,-1.4236967259181998,1.4875,2026-07
2026-07-12T14:55:00+00:00,AZTECUSDT,77,FAILED_OR_PARTIAL,0.01481,7.008670520231219,3.3760972316002835,-3.0384875084402463,time_mid,0.06880486158001861,1271.9473389454047,0.8751616059321159,10176.45387316917,-1.4152185647908877,0.008600607697502326,2026-07
2026-07-13T14:05:00+00:00,BANUSDT,70,FAILED_OR_PARTIAL,0.07203,8.348375451263546,3.6929057337220517,-1.207830070803828,time_mid,1.1425378314591117,1272.0567341461463,14.533729425242978,10190.987602594412,-1.2744225117960806,0.14281722893238896,2026-07
2026-07-15T04:45:00+00:00,AKEUSDT,76,REAL_CONTINUATION,0.0002135,13.503455608718774,101.31147540983605,-0.23419203747073736,target,11.9,1273.8734503243015,151.5909405885919,10342.578543183005,0.0,1.4875,2026-07
2026-07-21T20:10:00+00:00,BNCUSDT,89,FAILED_OR_PARTIAL,3.481,12.290322580645151,0.3160011490950909,-12.352772191898865,stop,-8.1,1292.8223178978756,-104.71860774972792,10237.859935433276,-1.012500000000005,-1.0125,2026-07
2026-07-22T15:05:00+00:00,LISTAUSDT,96,REAL_CONTINUATION,0.0579,11.560693641618492,9.32642487046631,-13.454231433506047,stop,-8.1,1279.7324919291596,-103.65833184626193,10134.201603587015,-2.0147484375000024,-1.0125,2026-07
2026-07-24T03:15:00+00:00,AGTUSDT,100,FAILED_OR_PARTIAL,0.015026999999999999,15.290777965321457,1.0647501164570583,-9.043721301657005,stop,-8.1,1266.7752004483768,-102.60879123631852,10031.592812350696,-3.0068491095703087,-1.0125,2026-07
2026-07-30T02:30:00+00:00,KOMAUSDT,75,REAL_CONTINUATION,0.00903,7.397716460513792,8.837209302325565,-5.980066445182731,time_mid,1.3285714285714172,1253.949101543837,16.659609491939406,10048.252421842635,-2.8457711982701417,0.16607142857142715,2026-07
2026-08-11T04:35:00+00:00,BTRUSDT,86,REAL_CONTINUATION,0.0247,12.06896551724137,36.19433198380568,-0.2024291497975783,target,11.9,1256.0315527303294,149.4677547749092,10197.720176617544,-1.4006020448444123,1.4875,2026-08
2026-08-14T07:00:00+00:00,CROSSUSDT,81,FAILED_OR_PARTIAL,0.11452,7.9359095193213935,0.689835836535102,-5.1955990220048935,time_mid,-2.352881592734896,1274.715022077193,-29.99253511428084,10167.727641503263,-1.6905929304737,-0.294110199091862,2026-08
2026-08-14T17:05:00+00:00,DOLOUSDT,84,REAL_CONTINUATION,0.02549,8.560477001703571,27.42251863475873,-10.317771675166732,both_stop_first,-8.1,1270.9659551879079,-102.94824237022054,10064.779399133042,-2.6859756770526544,-1.0125,2026-08
2026-08-17T12:55:00+00:00,HAEDALUSDT,86,FAILED_OR_PARTIAL,0.01834,8.073070123747783,7.797164667393686,-9.323882224645585,stop,-8.1,1258.0974248916302,-101.90589141622205,9962.87350771682,-3.6712801733225,-1.0125,2026-08
2026-08-26T03:30:00+00:00,FLUIDUSDT,98,REAL_CONTINUATION,1.48,12.291350531107724,10.472972972972983,-1.6891891891891775,time_mid,4.291891891891903,1245.3591884646025,53.449470034643085,10016.322977751463,-3.1544896088469443,0.5364864864864879,2026-08
