symbol,time_utc,price,ret5_pct,range_pct,body_pct,close_pos,quote_volume_5m,volume24_usd,rvol,vol_accel_1h,range12_pct,trades,trades_accel,taker_buy_share,mfe_30m_pct,mae_30m_pct,mfe_1h_pct,mae_1h_pct,mfe_2h_pct,mae_2h_pct,mfe_4h_pct,mae_4h_pct,label
AKEUSDT,2026-07-15 04:45:00+00:00,0.0001881,13.503455608718774,17.252396166134186,78.39506172839512,0.7932098765432098,571227.6537806,1807064.2154236,282.9119885847298,73.58524992310475,3.615758229897459,7634,47.53918007265179,0.5809798478672165,49.4949494949495,13.237639553429029,68.63370547581076,13.237639553429029,128.4954811270601,13.237639553429029,308.9845826687932,13.237639553429029,REAL_CONTINUATION
1000000BOBUSDT,2026-05-03 13:45:00+00:00,0.01331,6.08564988730278,11.17824773413898,54.72972972972971,0.5945945945945948,120091.47581,730004.47779,145.0419345996333,28.09297265297598,5.849802371541513,1057,10.72189349112426,0.4904110974802084,75.95792637114951,5.559729526671675,75.95792637114951,5.559729526671675,75.95792637114951,5.559729526671675,75.95792637114951,5.559729526671675,REAL_CONTINUATION
BTRUSDT,2026-08-11 04:35:00+00:00,0.02204,12.06896551724137,14.675147660154476,82.35294117647057,0.8328173374613007,428769.12811,1879114.56433,166.28468036275638,84.25789346973939,6.309297912713463,7462,39.70909090909091,0.5498533511711136,45.689655172413794,11.842105263157876,51.27041742286751,11.842105263157876,52.63157894736843,11.842105263157876,54.12885662431941,11.842105263157876,REAL_CONTINUATION
MAGMAUSDT,2026-03-21 17:05:00+00:00,0.0982,10.610997963340129,15.31568228105906,69.28191489361703,0.6928191489361702,740520.83856,1393338.40821,734.8336996921192,403.8583880335631,4.568841325375583,7477,111.04455445544556,0.626098936380484,24.949083503055004,8.64562118126273,37.88187372708758,8.64562118126273,42.05702647657843,8.64562118126273,52.647657841140536,8.64562118126273,REAL_CONTINUATION
1000000BOBUSDT,2026-06-21 17:35:00+00:00,0.01339,4.630321135175497,16.129032258064523,28.83720930232552,0.3162790697674417,746362.12757,1555779.46533,694.1330187150324,25.804538840543675,14.334470989761105,8828,20.25932300631096,0.5054097278731782,7.542942494398797,-6.572068707991042,41.89693801344285,-6.572068707991042,41.89693801344285,-6.572068707991042,41.89693801344285,-6.572068707991042,REAL_CONTINUATION
BRUSDT,2026-06-16 05:30:00+00:00,0.11245,8.056914184081831,8.66232956064521,93.20987654321009,0.9567901234567912,265980.84723,1164627.41898,145.07809431906608,94.00933543811084,4.151149059860115,2633,42.41073825503356,0.5879616314432174,27.95020008892844,7.82570031124945,39.78657180969321,7.82570031124945,41.28056914184084,7.82570031124945,53.23254779902178,7.82570031124945,REAL_CONTINUATION
BULLAUSDT,2026-06-21 07:55:00+00:00,0.004682,6.727894062366491,7.605212561418484,88.48314606741565,0.8876404494382019,318822.346643,1582263.0666490002,120.73477964531769,65.92446165767385,3.804468038044684,5257,40.93705386112914,0.5132866837820603,37.52669799231096,6.749252456215271,38.82956001708671,6.749252456215271,38.82956001708671,6.749252456215271,38.82956001708671,6.749252456215271,REAL_CONTINUATION
BROCCOLIF3BUSDT,2026-04-05 08:35:00+00:00,0.003472,5.126728110599088,7.351225204200706,70.6349206349207,0.8809523809523807,145210.678589,1075060.961116,175.09091583040512,5.820644257740719,10.207939508506602,2929,5.257741211667913,0.4030924386192767,38.59447004608296,4.176267281106005,38.59447004608296,4.176267281106005,38.59447004608296,4.176267281106005,38.59447004608296,3.686635944700467,REAL_CONTINUATION
DOLOUSDT,2026-08-14 17:05:00+00:00,0.02348,8.560477001703571,10.39794608472402,82.71604938271591,0.8724279835390942,636897.99982,1723826.63917,484.83348501523545,35.836493621359395,12.541886069889909,13874,28.089758731229963,0.5484851057763209,28.2793867120954,-2.640545144804096,37.43611584327087,-2.640545144804096,38.3304940374787,-2.640545144804096,38.3304940374787,-2.640545144804096,REAL_CONTINUATION
OGNUSDT,2026-07-04 11:00:00+00:00,0.01671,9.9940155595452,10.419161676646716,95.97701149425284,0.9655172413793098,646271.78517,1856667.19349,437.9513458589138,17.004459535179148,8.135810377962827,11435,18.24491424012764,0.5274984393761291,20.58647516457213,8.677438659485336,20.58647516457213,8.677438659485336,37.64213046080192,8.677438659485336,37.64213046080192,8.677438659485336,REAL_CONTINUATION
NAORISUSDT,2026-06-21 21:35:00+00:00,0.03052,8.027522935779817,12.87878787878789,62.659846547314594,0.6675191815856771,337303.68368,1642064.03368,157.6041506134696,68.23124044088709,8.88962326503635,4809,32.42022471910112,0.6707867593128681,37.61467889908259,8.027522935779817,37.61467889908259,8.027522935779817,37.61467889908259,8.027522935779817,37.94233289646134,8.027522935779817,REAL_CONTINUATION
ALCHUSDT,2026-05-10 17:50:00+00:00,0.08211,10.705151625867735,10.963576562309662,97.66666666666649,0.9788888888888878,731373.07229,1371256.0392999991,663.9015932078061,148.93091182305696,3.296565555276998,6933,51.642458100558656,0.4646598688217067,36.28059919620021,5.45609548167092,36.28059919620021,5.45609548167092,36.28059919620021,5.45609548167092,36.28059919620021,5.45609548167092,REAL_CONTINUATION
BROCCOLIF3BUSDT,2026-07-27 14:30:00+00:00,0.005721,5.243838489774522,6.160308015400773,85.22727272727273,0.8721590909090912,157972.522327,1372034.142493,57.97624108377786,28.351746484119523,5.758017492711387,2073,13.873954266592303,0.6538721910522122,13.966089844432773,3.9153994056982944,15.36444677503932,3.9153994056982944,30.2045097011012,3.9153994056982944,69.23614752665617,3.9153994056982944,REAL_CONTINUATION
GTCUSDT,2026-03-20 03:40:00+00:00,0.089,6.741573033707882,11.363636363636376,60.0,0.7,448845.6926,1853105.3602,339.9037912718518,432.5248711977045,8.045977011494255,1674,47.82857142857143,0.6499552668314946,29.21348314606742,-6.741573033707859,29.21348314606742,-7.86516853932584,29.21348314606742,-7.86516853932584,29.21348314606742,-7.86516853932584,REAL_CONTINUATION
AGTUSDT,2026-08-04 16:00:00+00:00,0.014209,9.120979660778383,12.596038626911945,72.52378287632911,0.7375489647453837,422302.356128,1428283.936375,217.73229817026225,67.97420636837559,6.041932285026208,7769,24.97401553710153,0.5867207536154493,27.40516574002394,7.980857203181091,27.40516574002394,5.566894221971985,27.40516574002394,2.8925329016820323,27.40516574002394,2.8925329016820323,REAL_CONTINUATION
BMTUSDT,2026-04-02 16:00:00+00:00,0.01477,8.192281651997302,9.355932203389816,87.68115942028997,0.8913043478260888,187655.11835,1496314.63254,70.06885366236585,11.198483091613191,9.663250366032216,4996,7.360589318600368,0.566925121869451,27.014218009478675,5.213270142180093,27.014218009478675,2.5727826675693954,27.014218009478675,2.5727826675693954,27.014218009478675,-0.6093432633716978,REAL_CONTINUATION
MAGMAUSDT,2026-04-08 15:25:00+00:00,0.11005,13.539300318037274,21.28627308287092,63.675213675213705,0.641880341880342,986409.42482,1915117.56209,592.7496603627676,55.7798001432014,10.236220472440948,8619,27.3474352194606,0.6011422918715579,21.044979554747844,12.48523398455248,21.044979554747844,12.48523398455248,26.30622444343482,12.48523398455248,34.27532939572924,12.48523398455248,REAL_CONTINUATION
BNTUSDT,2026-04-19 15:30:00+00:00,0.3088,6.994818652849744,10.23391812865495,68.57142857142865,0.7174603174603184,523567.2134,1396062.8438,298.3797400918943,197.07523631006697,2.2928267278087056,10151,130.55948553054662,0.5317045962297836,26.29533678756477,1.7163212435233,26.29533678756477,0.0,26.29533678756477,0.0,26.29533678756477,0.0,REAL_CONTINUATION
APRUSDT,2026-05-18 01:05:00+00:00,0.13897,7.46923796502843,8.646697942980875,86.64440734557604,0.9015025041736238,500139.09923,1772702.3030899998,203.1675109476629,57.25244029710672,7.220351664796132,8969,40.75274517228323,0.5811812488315942,8.77887313808734,3.353241706843191,24.9622220623156,3.353241706843191,25.890479959703526,3.353241706843191,26.36540260487874,3.353241706843191,REAL_CONTINUATION
DODOXUSDT,2026-05-14 15:15:00+00:00,0.020035,16.48614923883205,17.373262673732647,95.05035971223016,0.96,583519.193659,1721107.926633,314.4297359277327,47.51861256594926,13.567330408369903,8601,35.05842391304348,0.5601598409409212,23.913151984027948,11.005739955078608,25.485400549039184,11.005739955078608,25.485400549039184,4.816571000748682,25.485400549039184,2.4956326428749787,REAL_CONTINUATION
FLNCUSDT,2026-06-01 12:10:00+00:00,21.08,6.9734345351043725,9.8095238095238,71.35922330097102,0.7524271844660202,258489.4722,1923504.2118,386.7030260108394,4.776238515753494,13.80053908355794,5337,6.193211488250653,0.5485677296376947,9.108159392789371,3.984819734345368,9.155597722960174,3.984819734345368,24.810246679316883,3.984819734345368,27.41935483870968,3.984819734345368,REAL_CONTINUATION
CETUSUSDT,2026-08-08 14:35:00+00:00,0.01911,5.0235478806907485,9.324253535882663,53.93258426966305,0.5505617977528099,792204.99674,1638374.61714,779.9952398535709,67.21386324240025,9.189497716894968,11540,53.674418604651166,0.521764087200852,24.48979591836736,4.238618524332827,24.48979591836736,4.238618524332827,24.48979591836736,-2.197802197802201,24.48979591836736,-2.93040293040292,REAL_CONTINUATION
FIDAUSDT,2026-05-17 17:15:00+00:00,0.01666,8.763505402160865,11.959134615384626,73.36683417085416,0.7437185929648243,920655.02356,1955795.03211,588.3623204294078,37.82606335497122,3.5582822085889587,10662,28.82270781707592,0.5343161208395243,21.66866746698679,2.521008403361336,22.62905162064825,2.521008403361336,24.48979591836736,2.521008403361336,24.48979591836736,2.521008403361336,REAL_CONTINUATION
ONUSDT,2026-05-01 07:00:00+00:00,0.11177,6.701261519191215,7.36794986571172,91.00850546780084,0.9185905224787376,226012.69366,1555836.26419,87.24395351186011,81.60632913683979,4.707482993197276,3606,24.868965517241374,0.6029157661604236,10.467925203542984,3.739822850496566,23.602039903373,3.739822850496566,24.487787420595875,3.739822850496566,28.433389997315928,3.739822850496566,REAL_CONTINUATION
DODOXUSDT,2026-04-01 13:40:00+00:00,0.015549,9.743391857997285,13.760517799352767,71.26058325493877,0.7591721542803378,384984.351616,1955446.441051,238.6518747875621,39.13746871899448,12.81164432915405,6536,25.614630960156763,0.6126913585887083,24.33597015885265,9.158145218341996,24.33597015885265,0.9711235449225032,24.33597015885265,-3.511479837931697,24.33597015885265,-3.511479837931697,REAL_CONTINUATION
FLUIDUSDT,2026-08-26 03:30:00+00:00,1.318,12.291350531107724,13.460076045627378,91.5254237288135,0.9322033898305084,392889.1497,1240445.5765,283.7865873872122,325.2391738680337,5.369649805447474,3915,105.8108108108108,0.5641853471119159,21.32018209408193,10.394537177541729,21.851289833080425,10.394537177541729,24.05159332321698,10.394537177541729,24.05159332321698,10.394537177541729,REAL_CONTINUATION
LISTAUSDT,2026-07-22 15:05:00+00:00,0.0519,11.560693641618492,12.804642166344273,90.63444108761335,0.9365558912386712,930066.34905,1889218.8343,893.9280000437128,35.61668745916179,10.894859318806848,10025,27.509718728561623,0.5048115699160292,21.96531791907512,9.614643545279389,21.96531791907512,3.506743737957607,21.96531791907512,-3.448940269749523,21.96531791907512,-5.7225433526011615,REAL_CONTINUATION
AINUSDT,2026-04-11 14:20:00+00:00,0.06158,15.1835011367327,15.434606011372876,98.42105263157896,0.987368421052632,329797.02198,1168195.33148,326.8645274541378,56.06196134296048,6.786941580756012,5355,31.57739557739557,0.6179357629929074,21.33809678467033,3.296524845729132,21.33809678467033,3.296524845729132,21.33809678467033,3.296524845729132,21.33809678467033,3.296524845729132,REAL_CONTINUATION
B2USDT,2026-08-26 06:10:00+00:00,0.4154,5.103514684641319,6.268081002892956,81.53846153846145,0.8384615384615371,234306.9705,1482590.3607,128.0274101098648,25.72069918471516,9.22470433639948,3692,18.9901414487784,0.6296623761775795,20.365912373615803,5.151661049590772,20.365912373615803,5.151661049590772,20.365912373615803,4.092441020702942,20.365912373615803,2.3110255175734284,REAL_CONTINUATION
FWDIUSDT,2026-07-21 20:10:00+00:00,4.403,12.355212355212377,12.786736316148106,96.62522202486676,0.9662522202486676,48847.69635,637585.4165399999,70.8717535959753,21.60852888557729,6.327602674307564,932,27.75186104218362,0.696614588663197,20.349761526232136,12.264365205541685,20.349761526232136,12.264365205541685,20.349761526232136,-1.794231205995911,20.349761526232136,-1.794231205995911,REAL_CONTINUATION
BUSDT,2026-05-01 05:00:00+00:00,0.1316,6.306990881458963,7.598784194528885,82.99999999999994,0.8299999999999994,408010.514,1662603.7773000002,184.75749381197213,30.52430410644353,4.72813238770684,3762,18.13740458015268,0.5012755867364732,14.589665653495445,5.85106382978724,14.893617021276606,5.243161094224935,20.06079027355623,5.243161094224935,77.43161094224926,5.243161094224935,REAL_CONTINUATION
GTCUSDT,2026-05-09 14:10:00+00:00,0.09536,5.002097315436238,5.49496644295302,91.03053435114506,0.9103053435114506,209224.848522,1710494.1947463,71.82060539497273,67.81327527646899,10.79787234042553,2669,21.9821551132464,0.5591650248020057,10.33976510067114,3.617869127516782,18.86535234899329,3.617869127516782,18.86535234899329,2.3489932885906173,18.86535234899329,2.3489932885906173,FAILED_OR_PARTIAL
NAORISUSDT,2026-06-07 00:10:00+00:00,0.0298,5.3020134228187965,6.056527590847916,87.7777777777777,0.9222222222222216,121850.79713,1539618.5382,42.20557505259292,61.42984106946151,5.528511821974957,2018,26.06673842841765,0.5792515561855316,8.892617449664431,4.664429530201342,9.697986577181194,4.664429530201342,18.42281879194632,4.664429530201342,22.416107382550333,4.664429530201342,REAL_CONTINUATION
AGTUSDT,2026-03-29 14:05:00+00:00,0.006413,12.521440823327625,15.125526274754383,82.7835051546392,0.827835051546392,615354.870313,1506342.7800790002,397.8301836061792,248.39876098391056,3.317011530563896,7273,33.43908045977012,0.4726351689539162,14.610946514891609,9.527522220489626,14.610946514891609,9.527522220489626,17.542491813503823,6.892250116949938,17.542491813503823,6.892250116949938,FAILED_OR_PARTIAL
BROCCOLIF3BUSDT,2026-06-07 20:15:00+00:00,0.00481,3.097713097713095,9.472799831968072,33.03769401330373,0.439024390243903,139519.113197,1101356.232611,71.78620479361496,12.814960818147616,10.860838537020513,2504,7.802648662685017,0.5415278168899986,8.108108108108091,1.8918918918918948,17.442827442827458,1.8918918918918948,17.442827442827458,1.8918918918918948,17.442827442827458,1.8918918918918948,FAILED_OR_PARTIAL
AGTUSDT,2026-07-26 06:25:00+00:00,0.014499,6.917718463342304,11.111877976395878,62.298136645962806,0.6291925465838515,380214.544576,1156992.38562,235.3230267432681,105.6354783051778,5.145725840189641,4519,38.0814606741573,0.5273658573230099,15.890751086281796,6.159045451410439,17.242568452996764,-0.8207462583626368,17.242568452996764,-1.041451134561,17.242568452996764,-1.041451134561,FAILED_OR_PARTIAL
KOMAUSDT,2026-07-30 02:30:00+00:00,0.008408,7.397716460513792,8.49393290506779,87.11484593837532,0.8739495798319329,393816.445286,1438853.958027,213.2771799842249,25.44530915023024,8.762223365928978,5744,22.0287631831256,0.446610802736461,9.83587059942912,0.9752616555661175,9.83587059942912,0.9752616555661175,16.888677450047563,0.9752616555661175,25.97526165556612,0.9752616555661175,REAL_CONTINUATION
MAVUSDT,2026-07-08 20:25:00+00:00,0.00978,1.4314928425357865,10.143442622950817,14.141414141414096,0.1616161616161621,950489.97586,1883279.71568,585.8297571619136,45.09936133678412,7.456140350877183,16717,70.31335436382756,0.5306087327051255,1.4314928425357865,-5.112474437627812,1.4314928425357865,-5.112474437627812,16.66666666666665,-5.112474437627812,19.83640081799589,-5.112474437627812,FAILED_OR_PARTIAL
CHILLGUYUSDT,2026-07-24 19:35:00+00:00,0.009907,13.525789845563764,31.625745175305653,42.811501597444106,0.4313099041533547,1207673.859593,1784851.000498,1117.5397638920035,969.2643338368392,5.84896097313734,24155,450.79315707620526,0.538195220722957,14.131422226708402,5.036842636519645,14.131422226708402,4.249520541031604,16.614514989401453,4.249520541031604,16.614514989401453,4.249520541031604,FAILED_OR_PARTIAL
AGTUSDT,2026-07-24 03:15:00+00:00,0.013034,15.290777965321457,17.701096186506106,86.91670300915831,0.9040558220671612,824500.22142,1770127.550459,393.411982737543,137.27883075662257,4.223013048635815,10904,46.21971034969975,0.5252147121248738,16.518336657971467,5.470308424121528,16.518336657971467,4.864201319625594,16.518336657971467,4.864201319625594,16.518336657971467,4.864201319625594,FAILED_OR_PARTIAL
HAEDALUSDT,2026-08-17 12:55:00+00:00,0.01697,8.073070123747783,8.726415094339647,92.5675675675674,0.9324324324324306,456504.58699,1118016.21312,330.235196706796,146.3371618621877,2.51346499102334,5818,94.8586956521739,0.5119446977322912,16.49970536240424,-0.2357100766057662,16.49970536240424,-0.2357100766057662,16.49970536240424,-2.003535651149091,16.49970536240424,-3.6535061873895103,FAILED_OR_PARTIAL
ESPORTSUSDT,2026-05-11 09:55:00+00:00,0.3739,5.616474993313703,7.679957184907682,73.17073170731693,0.7386759581881531,298683.85701,1640445.68518,116.73841543014284,65.49605398287058,4.531638574191765,5024,38.1087231352718,0.6299874421191104,13.26557903182668,4.947847017919238,16.448248194704473,4.947847017919238,16.448248194704473,4.947847017919238,19.630917357582224,4.947847017919238,FAILED_OR_PARTIAL
INXUSDT,2026-07-27 08:20:00+00:00,0.00761,7.490144546649158,9.724047306176086,77.02702702702703,0.7702702702702703,551913.061237,1234220.601536,483.8441733467288,63.4030862127691,7.047592306612383,7641,38.28475991649269,0.5308509634295252,11.511169513797649,5.400788436268078,11.524310118265449,5.400788436268078,16.3994743758213,5.400788436268078,16.3994743758213,3.416557161629452,FAILED_OR_PARTIAL
IRYSUSDT,2026-04-07 14:15:00+00:00,0.01914,10.710553814002076,12.539184952978054,85.41666666666667,0.8541666666666667,535149.563631,1332819.84451,392.8550834788185,356.15740164329526,6.820566631689395,7139,122.90961262553802,0.4543791734634879,13.375130616509924,8.934169278996862,15.726227795193305,8.934169278996862,15.726227795193305,8.934169278996862,17.60710553814,8.934169278996862,FAILED_OR_PARTIAL
AGTUSDT,2026-08-11 03:05:00+00:00,0.014096,10.86833144154371,14.77272727272727,73.65384615384616,0.7442307692307687,629882.928779,1635306.103084,345.79644447559724,302.7683097159851,3.5411073216747635,7670,73.69095276220978,0.5228433649065419,15.63564131668558,6.533768444948929,15.63564131668558,6.533768444948929,15.63564131668558,6.533768444948929,15.63564131668558,6.533768444948929,FAILED_OR_PARTIAL
BROCCOLIF3BUSDT,2026-07-01 06:30:00+00:00,0.005626,7.28759331674369,9.735146743020762,75.36764705882347,0.8235294117647048,353639.928166,1507248.3491890002,429.7682220048094,6.361152112297507,20.059498512537168,5903,6.134580410496233,0.5409384169940342,15.517241379310342,-10.415926057589752,15.517241379310342,-10.415926057589752,15.517241379310342,-10.415926057589752,15.517241379310342,-10.415926057589752,FAILED_OR_PARTIAL
BRUSDT,2026-03-21 06:05:00+00:00,0.05627,8.867958059356674,22.10769504176291,40.11254019292608,0.4011254019292607,907762.84685,1724304.8482,959.9279320841486,2654.7678151433124,6.510177883733714,9313,238.28571428571428,0.6055682292985882,12.457792784787625,7.2152123689354974,12.457792784787625,7.144126532788353,15.514483739114992,5.900124400213258,15.97654167407143,5.900124400213258,FAILED_OR_PARTIAL
AGTUSDT,2026-08-12 17:30:00+00:00,0.014865,14.813319878910193,19.78036785016506,74.99999999999999,0.7574931880108988,962007.225467,1875240.349718,511.160789598052,411.9250865504335,4.752094492514769,18688,157.26227208976158,0.5331556009925147,15.472586612848982,3.8883282879246472,15.472586612848982,3.8883282879246472,15.472586612848982,3.4376051126808083,15.472586612848982,3.4376051126808083,FAILED_OR_PARTIAL
BIRBUSDT,2026-07-02 01:30:00+00:00,0.05897,7.681872138375434,8.037383177570101,95.77167019027486,0.9830866807611,401634.22422,1558808.84244,200.3904202871066,27.49102569098844,14.247619047619043,5328,18.18947368421053,0.5859718101888802,14.922842123113432,1.9671019162285968,14.922842123113432,1.9671019162285968,14.922842123113432,1.9671019162285968,85.21282007800575,1.9671019162285968,REAL_CONTINUATION
DODOXUSDT,2026-06-08 20:50:00+00:00,0.016019,7.241400836506662,8.488196885986943,85.7988165680475,0.9252958579881654,310132.248621,1905345.404617,98.60297835193332,25.730100989555048,6.772324698674836,9298,26.591039084842706,0.5173389417560103,14.863599475622705,6.8231475123291085,14.863599475622705,4.338597914975972,14.863599475622705,0.5555902365940613,14.863599475622705,0.5555902365940613,FAILED_OR_PARTIAL
AGTUSDT,2026-08-31 16:10:00+00:00,0.015332,7.68327680667884,13.038090268719005,58.92946473236622,0.5892946473236622,1175659.551377,1723424.3442640002,1105.009112498071,199.27353271230848,5.415549597855218,15868,111.09451575262544,0.5152845449581498,14.792590660057405,4.89825202191494,14.792590660057405,4.89825202191494,14.792590660057405,4.89825202191494,17.186277067571098,4.89825202191494,FAILED_OR_PARTIAL
AGTUSDT,2026-08-18 07:30:00+00:00,0.014834,5.979506539031942,7.99918995544755,74.85232067510549,0.7654008438818558,219695.458623,960743.897871,153.88805078111412,132.42693044383032,1.9003664992534253,4870,48.29752066115703,0.5645729735080414,9.208574895510305,3.5526493191317288,9.208574895510305,3.5526493191317288,14.75664015100444,3.5526493191317288,14.952136982607534,3.5526493191317288,FAILED_OR_PARTIAL
AGTUSDT,2026-07-20 02:05:00+00:00,0.014164,8.373340864162682,11.951684678957395,70.09456264775426,0.705082742316786,323261.295362,1084398.931886,203.9203463647704,52.50794395699256,4.780963469655064,4020,28.54437869822485,0.7093926300524159,10.830273933916978,1.9839028523016111,14.423891556057612,1.9839028523016111,14.600395368539964,1.9839028523016111,27.66167749223385,-0.4518497599548143,REAL_CONTINUATION
AGTUSDT,2026-06-13 02:15:00+00:00,0.014331,10.445886539669246,12.322936291954512,84.7678369195922,0.847678369195922,360153.882065,1511064.194634,156.84962626464224,140.91614192568767,2.6245800671892416,4870,65.15050167224081,0.5303596538868534,13.348684669597375,9.901611890307716,13.348684669597375,8.771195310864567,14.43025608820041,8.771195310864567,15.986323354964773,8.771195310864567,FAILED_OR_PARTIAL
MAVIAUSDT,2026-04-10 12:20:00+00:00,0.02903,8.267309679641755,8.511371467953133,97.16599190283412,0.9757085020242924,328818.00155,1067905.07345,256.9562125924462,201.6953722296496,4.580152671755733,3824,75.34975369458128,0.5385257713546249,13.39993110575266,7.130554598691008,13.39993110575266,7.130554598691008,13.39993110575266,7.130554598691008,13.39993110575266,6.131588012400968,FAILED_OR_PARTIAL
ARIAUSDT,2026-07-18 17:45:00+00:00,0.02439,5.330053300533022,7.045735475896175,76.02339181286565,0.830409356725147,237441.28251,1135921.75967,195.36498622035924,9.860147518960128,9.816225907664734,4584,8.609798090467992,0.5031194082897897,12.997129971299714,3.1980319803198043,13.366133661336631,3.1980319803198043,13.366133661336631,3.1980319803198043,15.416154161541629,3.1980319803198043,FAILED_OR_PARTIAL
ICNTUSDT,2026-06-25 14:15:00+00:00,0.1564,5.626598465473154,7.524115755626992,75.21367521367532,0.8290598290598311,104405.7996,1922086.4932,53.68823032699201,3.019619218612404,14.553686934023302,1454,3.56591048436542,0.5458949868528185,8.43989769820972,4.283887468030678,8.43989769820972,3.772378516624042,13.235294117647056,3.772378516624042,19.181585677749368,3.772378516624042,FAILED_OR_PARTIAL
AVAAIUSDT,2026-06-22 13:30:00+00:00,0.005145,9.096209912536434,9.836065573770504,92.85714285714278,0.9702380952380948,153325.06189,732005.232203,135.75944622146474,62.92250172880844,2.5313971742543018,1476,29.818181818181817,0.5140412793672605,12.342079689018458,3.012633624878513,12.342079689018458,3.012633624878513,12.886297376093282,3.012633624878513,14.965986394557817,3.012633624878513,FAILED_OR_PARTIAL
AIOUSDT,2026-04-28 07:30:00+00:00,0.08852,5.422503389064626,7.514712539610691,72.28915662650593,0.746987951807229,205573.45116,1372729.568,87.39224123774906,20.635435049983982,7.369668246445493,2977,11.705111402359108,0.5428862316619777,8.472661545413462,5.3321283325802105,9.963849977406223,5.3321283325802105,12.86714866696792,5.3321283325802105,12.86714866696792,5.3321283325802105,FAILED_OR_PARTIAL
ICNTUSDT,2026-07-19 16:35:00+00:00,0.1562,6.7221510883482605,8.968609865470857,74.9999999999998,0.7571428571428563,327728.1757,1226390.4263,287.68415267841914,76.57527421965524,1.6129032258064502,4682,67.52884615384616,0.4938406524074761,12.80409731113956,4.929577464788726,12.80409731113956,4.929577464788726,12.80409731113956,4.929577464788726,12.80409731113956,4.929577464788726,FAILED_OR_PARTIAL
BLUAIUSDT,2026-03-22 13:10:00+00:00,0.006513,7.247044372792888,8.07816587167256,89.90476190476188,0.9257142857142858,317726.069727,1479602.362958,181.28072600010128,11.142217997573756,7.867694283879256,4054,9.723765740555669,0.5052544017994319,12.774451097804397,4.467987102717652,12.774451097804397,4.467987102717652,12.774451097804397,4.467987102717652,40.4575464455704,4.467987102717652,REAL_CONTINUATION
BNCUSDT,2026-07-21 20:10:00+00:00,3.1,12.290322580645151,12.419354838709662,98.96103896103897,0.9896103896103896,67245.53839,738170.96986,155.2966504620122,21.006494383220133,7.199177236887211,492,11.879275653923544,0.964197217278016,12.645161290322582,12.290322580645151,12.645161290322582,12.290322580645151,12.645161290322582,-1.5806451612903172,12.645161290322582,-1.5806451612903172,FAILED_OR_PARTIAL
HANAUSDT,2026-06-18 11:15:00+00:00,0.03703,5.482041587901687,6.233062330623307,88.2608695652174,0.939130434782608,216215.66782,1962597.48462,70.46743733293103,52.28114224614698,3.947726653961348,3037,22.033857315598546,0.6777381495405451,12.611396165271405,5.266000540102622,12.611396165271405,5.266000540102622,12.611396165271405,5.266000540102622,12.611396165271405,4.941938968404003,FAILED_OR_PARTIAL
GRIFFAINUSDT,2026-06-19 09:35:00+00:00,0.008447,8.156742038593578,10.236966824644544,79.7453703703704,0.8055555555555559,355458.615277,1977207.277868,139.37179232481049,34.18895225315331,4.406364749082004,4676,29.704605611434623,0.6075951410143657,12.477802770214286,-1.3851071386290823,12.477802770214286,-4.143482893334904,12.477802770214286,-4.143482893334904,12.477802770214286,-4.143482893334904,FAILED_OR_PARTIAL
BANUSDT,2026-07-13 14:05:00+00:00,0.06648,8.348375451263546,11.094339622641504,75.5102040816327,0.7863945578231288,535152.56328,1466605.22615,303.89698487280856,106.78215469847466,6.960873521383082,5586,60.01074306177261,0.4376108287226291,10.935619735258715,7.039711191335751,10.935619735258715,7.039711191335751,12.34957882069796,7.039711191335751,14.651022864019248,7.039711191335751,FAILED_OR_PARTIAL
AZTECUSDT,2026-07-19 22:15:00+00:00,0.01306,8.72894333843799,10.94946401225114,79.7202797202798,0.7972027972027981,910918.1671,1235923.22543,1647.9881076211925,1113.0263773131742,2.8682170542635665,8946,260.5631067961165,0.5744500708619142,12.327718223583473,5.053598774885137,12.327718223583473,5.053598774885137,12.327718223583473,4.211332312404292,12.327718223583473,3.751914241960175,FAILED_OR_PARTIAL
JCTUSDT,2026-05-11 05:15:00+00:00,0.002889,7.199723087573551,8.27275874004847,87.02928870292878,0.8702928870292879,333289.328454,1624307.183213,124.83150471106234,63.78119604452634,7.355645457888937,5433,32.64697045568353,0.5028852601115691,9.034267912772576,5.4690204222914485,9.034267912772576,5.4690204222914485,12.287988923502937,5.4690204222914485,14.226375908618904,5.4690204222914485,FAILED_OR_PARTIAL
1000XECUSDT,2026-06-28 13:20:00+00:00,0.00534,5.430711610486871,7.065217391304368,76.92307692307666,0.7798408488063648,853399.710987,1783081.885516,1038.72627177142,26.41918134588932,6.523875024562775,11684,15.921871451283216,0.5205174761346583,12.172284644194754,1.404494382022459,12.172284644194754,1.404494382022459,12.172284644194754,-1.217228464419473,12.172284644194754,-1.8164794007490603,FAILED_OR_PARTIAL
BELUSDT,2026-04-14 04:10:00+00:00,0.1013,8.193484698914123,9.090909090909085,90.21739130434784,0.91304347826087,507339.4363,1798714.4258,171.76282751572185,85.6954916280722,3.733602421796167,4445,48.09738503155996,0.4715894493534368,12.142152023692,1.5794669299111552,12.142152023692,1.0858835143139125,12.142152023692,1.0858835143139125,12.142152023692,1.0858835143139125,FAILED_OR_PARTIAL
BANUSDT,2026-06-21 12:45:00+00:00,0.06494,9.655066214967656,12.850539291217268,75.1798561151079,0.756594724220623,666924.01834,1459222.54644,565.3267030220214,147.9693181259603,3.808049535603697,9029,109.44242424242424,0.6636611841505987,10.317215891592246,6.113335386510621,10.317215891592246,5.882352941176472,11.934093008931336,5.882352941176472,11.934093008931336,5.882352941176472,FAILED_OR_PARTIAL
BROCCOLIF3BUSDT,2026-06-15 12:40:00+00:00,0.004874,6.360279031596239,7.223476297968401,88.06818181818196,0.8835227272727291,154536.551281,887488.757142,93.6777311892619,47.66242402545542,3.8081211866189735,2657,28.724324324324325,0.641157765471514,11.85884283955685,5.662700041034063,11.85884283955685,5.662700041034063,11.85884283955685,5.662700041034063,11.85884283955685,5.662700041034063,FAILED_OR_PARTIAL
CHILLGUYUSDT,2026-07-03 20:30:00+00:00,0.009656,7.0215410107705045,7.962213225371117,88.39634941329851,0.9139504563233376,414835.243324,1756229.662779,209.85966466753607,125.25975077110756,6.425573135292195,5410,70.18378378378378,0.6970687148901419,11.692212096106047,6.120546810273408,11.743993371996677,6.120546810273408,11.743993371996677,6.120546810273408,11.743993371996677,6.120546810273408,FAILED_OR_PARTIAL
BOTUSDT,2026-07-21 20:05:00+00:00,28.57,8.120406020301019,8.120406020301019,100.0,1.0,55096.4846,1635847.0302,28.04702712450379,8.01106257291341,5.25349008082292,633,5.95764705882353,0.9284280906735018,11.690584529226468,8.120406020301019,11.690584529226468,8.120406020301019,11.690584529226468,-5.005250262513128,11.690584529226468,-5.005250262513128,FAILED_OR_PARTIAL
BROCCOLIF3BUSDT,2026-06-04 02:05:00+00:00,0.004646,6.177356866121397,9.918984015765275,63.355408388520914,0.8079470198675491,78795.934161,1004733.158904,37.77237316064927,7.32743171923832,21.022476862053765,1179,4.077233429394813,0.5053969668997272,9.98708566508826,4.928971157985362,10.848041325871716,4.928971157985362,11.5368058544985,4.928971157985362,12.699095996556188,4.928971157985362,FAILED_OR_PARTIAL
AINUSDT,2026-06-07 10:00:00+00:00,0.06732,3.6987522281639817,9.372210651591796,39.5238095238094,0.4111111111111103,164543.12159,951647.36191,112.2733673417245,47.435021953692576,8.264331210191077,3103,24.59445178335535,0.4842670105563542,11.482471776589431,2.257872846108122,11.482471776589431,2.257872846108122,11.482471776589431,1.990493166963736,11.482471776589431,-0.3267973856209138,FAILED_OR_PARTIAL
HIMSUSDT,2026-07-23 16:35:00+00:00,32.23,5.150480918399025,5.56592039800996,92.73743016759764,0.9664804469273732,226843.1046,1086646.1999,626.4847313697634,71.35491223161549,5.781097759012677,2031,39.69381107491857,0.5827545626000042,10.828420726031652,1.954700589512881,11.479987589202612,1.954700589512881,11.479987589202612,1.954700589512881,11.479987589202612,-3.1337263419174644,FAILED_OR_PARTIAL
1000000BOBUSDT,2026-04-03 07:10:00+00:00,0.01207,5.385252692626352,7.730673316708225,69.89247311827963,0.7419354838709685,159515.37735,797945.0445399999,152.75744598734914,20.13798333471937,11.69429097605894,2401,13.174211248285324,0.4482593098413907,11.433305716652844,-0.165700082850051,11.433305716652844,-4.142502071251042,11.433305716652844,-4.142502071251042,11.433305716652844,-9.527754763877391,FAILED_OR_PARTIAL
AGTUSDT,2026-03-22 03:35:00+00:00,0.006846,1.519135261466542,10.945054945054933,13.92235609103079,0.1673360107095038,120781.227107,1031131.951106,60.26995152845381,54.13604071208331,5.259214863649975,2006,23.5078125,0.6267516282637001,11.21822962313761,1.300029214139653,11.21822962313761,1.300029214139653,11.21822962313761,1.300029214139653,11.21822962313761,1.300029214139653,FAILED_OR_PARTIAL
CLANKERUSDT,2026-06-16 20:30:00+00:00,16.07,5.102675793403866,5.227131300560051,97.61904761904768,0.9761904761904768,85550.5639,1406639.148,30.391799184961616,14.634162987972257,5.889967637540461,1046,11.752808988764045,0.5929244167144526,11.07654013690107,4.791537025513382,11.07654013690107,2.0535158680771604,11.07654013690107,1.555693839452399,11.07654013690107,1.555693839452399,FAILED_OR_PARTIAL
MAVUSDT,2026-04-05 17:35:00+00:00,0.01382,9.696092619392171,12.961622013034034,74.86033519553068,0.7541899441340785,782669.38631,1601270.84364,616.8873923545258,103.77294635622567,5.23520485584219,11613,87.64528301886793,0.4888722923787,10.998552821997087,-2.894356005788723,10.998552821997087,-2.894356005788723,10.998552821997087,-2.894356005788723,10.998552821997087,-2.894356005788723,FAILED_OR_PARTIAL
